district_as_printed,season,area_ha,production_t,edition,table,pdf_page,printed_units
KOLAR,2015-16,5960,338020,Horticulture Statistics at a Glance 2018 (NHB),7.5.32,344,'000 Ha / '000 MT (5.96 / 338.02)
CHIKBALLAPUR,2015-16,2800,179850,Horticulture Statistics at a Glance 2018 (NHB),7.5.32,344,'000 Ha / '000 MT (2.80 / 179.85)
KOLAR,2016-17,8510,481447,Horticultural Statistics at a Glance 2021 (DA&FW),7.4.1,264,Ha / MT (header says '000; values match the 2018 edition only as Ha / MT)
CHIKBALLAPUR,2016-17,2378,142671,Horticultural Statistics at a Glance 2021 (DA&FW),7.4.1,264,Ha / MT
KOLAR,2017-18,8712,497145,Horticultural Statistics at a Glance 2021 (DA&FW),7.4.1,264,Ha / MT
CHIKBALLAPUR,2017-18,2705,127329,Horticultural Statistics at a Glance 2021 (DA&FW),7.4.1,264,Ha / MT
KOLAR,2018-19,16328,930417,Horticultural Statistics at a Glance 2021 (DA&FW),7.4.1,264,Ha / MT
CHIKBALLAPUR,2018-19,4248,203324,Horticultural Statistics at a Glance 2021 (DA&FW),7.4.1,264,Ha / MT
KOLAR,2019-20,19147,681204,Horticultural Statistics at a Glance 2021 (DA&FW),7.4.1,264,Ha / MT
CHIKBALLAPUR,2019-20,5332,278364,Horticultural Statistics at a Glance 2021 (DA&FW),7.4.1,264,Ha / MT
KOLAR,2020-21,19930,916780,Horticultural Statistics at a Glance 2024 (DA&FW),7.4.1,193,Hectare / Metric Tonne (same values in the 2021 edition)
CHIKBALLAPUR,2020-21,6131,318812,Horticultural Statistics at a Glance 2024 (DA&FW),7.4.1,193,Hectare / Metric Tonne (same values in the 2021 edition)
KOLAR,2021-22,17410,696400,Horticultural Statistics at a Glance 2024 (DA&FW),7.4.1,193,Hectare / Metric Tonne
CHIKBALLAPUR,2021-22,11138,445501,Horticultural Statistics at a Glance 2024 (DA&FW),7.4.1,193,Hectare / Metric Tonne
KOLAR,2022-23,17522,805024,Horticultural Statistics at a Glance 2024 (DA&FW),7.4.1,193,Hectare / Metric Tonne
CHIKBALLAPUR,2022-23,12632,507133,Horticultural Statistics at a Glance 2024 (DA&FW),7.4.1,193,Hectare / Metric Tonne
KOLAR,2023-24,13461,561215,Horticultural Statistics at a Glance 2024 (DA&FW),7.4.1,193,Hectare / Metric Tonne
CHIKBALLAPUR,2023-24,10879,479098,Horticultural Statistics at a Glance 2024 (DA&FW),7.4.1,193,Hectare / Metric Tonne
