model_name,feature_set,horizon,mandi,data_provenance,metric_name,metric_value,seed
naive,prices+weather,1,ALL,synthetic,pinball_p10,61.991697526630475,1
naive,prices+weather,1,ALL,synthetic,pinball_p50,162.02236085280387,1
naive,prices+weather,1,ALL,synthetic,pinball_p90,80.96152044886846,1
naive,prices+weather,1,ALL,synthetic,pinball_mean,101.65852627610093,1
naive,prices+weather,1,ALL,synthetic,mape_p50_pct,14.329604811400518,1
naive,prices+weather,1,ALL,synthetic,coverage_p10_p90_pct,82.93591654247392,1
naive,prices+weather,1,ALL,synthetic,n,4026.0,1
naive,prices+weather,2,ALL,synthetic,pinball_p10,82.01934555824363,1
naive,prices+weather,2,ALL,synthetic,pinball_p50,221.07507797588005,1
naive,prices+weather,2,ALL,synthetic,pinball_p90,117.85983634612913,1
naive,prices+weather,2,ALL,synthetic,pinball_mean,140.31808662675095,1
naive,prices+weather,2,ALL,synthetic,mape_p50_pct,18.840556766023013,1
naive,prices+weather,2,ALL,synthetic,coverage_p10_p90_pct,85.74267262791852,1
naive,prices+weather,2,ALL,synthetic,n,4026.0,1
naive,prices+weather,3,ALL,synthetic,pinball_p10,98.75455298919886,1
naive,prices+weather,3,ALL,synthetic,pinball_p50,272.4421081710756,1
naive,prices+weather,3,ALL,synthetic,pinball_p90,144.20177511522456,1
naive,prices+weather,3,ALL,synthetic,pinball_mean,171.79947875849965,1
naive,prices+weather,3,ALL,synthetic,mape_p50_pct,22.708440199766763,1
naive,prices+weather,3,ALL,synthetic,coverage_p10_p90_pct,87.48137108792847,1
naive,prices+weather,3,ALL,synthetic,n,4026.0,1
naive,prices+weather,4,ALL,synthetic,pinball_p10,112.48674616977337,1
naive,prices+weather,4,ALL,synthetic,pinball_p50,301.80999840981747,1
naive,prices+weather,4,ALL,synthetic,pinball_p90,158.71005473617606,1
naive,prices+weather,4,ALL,synthetic,pinball_mean,191.00226643858898,1
naive,prices+weather,4,ALL,synthetic,mape_p50_pct,24.95546986547808,1
naive,prices+weather,4,ALL,synthetic,coverage_p10_p90_pct,86.63686040735222,1
naive,prices+weather,4,ALL,synthetic,n,4026.0,1
naive,prices+weather,spike_14d,ALL,synthetic,spike_events,1106.0,1
naive,prices+weather,spike_14d,ALL,synthetic,spike_recall,0.0,1
naive,prices+weather,spike_14d,ALL,synthetic,spike_precision,,1
naive,prices+weather,spike_14d,ALL,synthetic,spike_false_alarm_rate,0.0,1
naive,prices+weather,spike_14d,ALL,synthetic,spike_brier,0.20103141718953324,1
lightgbm_quantile,prices+weather,1,ALL,synthetic,pinball_p10,58.27964345805686,1
lightgbm_quantile,prices+weather,1,ALL,synthetic,pinball_p50,151.26095087063769,1
lightgbm_quantile,prices+weather,1,ALL,synthetic,pinball_p90,87.11942085961923,1
lightgbm_quantile,prices+weather,1,ALL,synthetic,pinball_mean,98.88667172943792,1
lightgbm_quantile,prices+weather,1,ALL,synthetic,mape_p50_pct,13.442574009434505,1
lightgbm_quantile,prices+weather,1,ALL,synthetic,coverage_p10_p90_pct,81.0481867858917,1
lightgbm_quantile,prices+weather,1,ALL,synthetic,n,4026.0,1
lightgbm_quantile,prices+weather,2,ALL,synthetic,pinball_p10,76.28888541711342,1
lightgbm_quantile,prices+weather,2,ALL,synthetic,pinball_p50,190.7624393287083,1
lightgbm_quantile,prices+weather,2,ALL,synthetic,pinball_p90,132.47504007497147,1
lightgbm_quantile,prices+weather,2,ALL,synthetic,pinball_mean,133.17545494026442,1
lightgbm_quantile,prices+weather,2,ALL,synthetic,mape_p50_pct,16.55727775205986,1
lightgbm_quantile,prices+weather,2,ALL,synthetic,coverage_p10_p90_pct,77.4962742175857,1
lightgbm_quantile,prices+weather,2,ALL,synthetic,n,4026.0,1
lightgbm_quantile,prices+weather,3,ALL,synthetic,pinball_p10,79.76602471515527,1
lightgbm_quantile,prices+weather,3,ALL,synthetic,pinball_p50,221.4212877708243,1
lightgbm_quantile,prices+weather,3,ALL,synthetic,pinball_p90,183.61306245396727,1
lightgbm_quantile,prices+weather,3,ALL,synthetic,pinball_mean,161.6001249799823,1
lightgbm_quantile,prices+weather,3,ALL,synthetic,mape_p50_pct,18.80342819512743,1
lightgbm_quantile,prices+weather,3,ALL,synthetic,coverage_p10_p90_pct,72.52856433184301,1
lightgbm_quantile,prices+weather,3,ALL,synthetic,n,4026.0,1
lightgbm_quantile,prices+weather,4,ALL,synthetic,pinball_p10,92.09049870455179,1
lightgbm_quantile,prices+weather,4,ALL,synthetic,pinball_p50,241.0231087487173,1
lightgbm_quantile,prices+weather,4,ALL,synthetic,pinball_p90,199.8708695829362,1
lightgbm_quantile,prices+weather,4,ALL,synthetic,pinball_mean,177.66149234540174,1
lightgbm_quantile,prices+weather,4,ALL,synthetic,mape_p50_pct,20.22794451123403,1
lightgbm_quantile,prices+weather,4,ALL,synthetic,coverage_p10_p90_pct,68.87729756582216,1
lightgbm_quantile,prices+weather,4,ALL,synthetic,n,4026.0,1
lightgbm_quantile,prices+weather,spike_14d,ALL,synthetic,spike_events,1106.0,1
lightgbm_quantile,prices+weather,spike_14d,ALL,synthetic,spike_recall,0.19349005424954793,1
lightgbm_quantile,prices+weather,spike_14d,ALL,synthetic,spike_precision,0.3912248628884826,1
lightgbm_quantile,prices+weather,spike_14d,ALL,synthetic,spike_false_alarm_rate,0.1155848663658452,1
lightgbm_quantile,prices+weather,spike_14d,ALL,synthetic,spike_brier,0.2008505580762059,1
naive,prices+weather,1,ALL,synthetic,pinball_p10,75.11205226660465,2
naive,prices+weather,1,ALL,synthetic,pinball_p50,177.62082208252068,2
naive,prices+weather,1,ALL,synthetic,pinball_p90,89.79896227209463,2
naive,prices+weather,1,ALL,synthetic,pinball_mean,114.17727887373998,2
naive,prices+weather,1,ALL,synthetic,mape_p50_pct,14.460426360489864,2
naive,prices+weather,1,ALL,synthetic,coverage_p10_p90_pct,87.87878787878788,2
naive,prices+weather,1,ALL,synthetic,n,4026.0,2
naive,prices+weather,2,ALL,synthetic,pinball_p10,110.10969627437059,2
naive,prices+weather,2,ALL,synthetic,pinball_p50,270.83004010055384,2
naive,prices+weather,2,ALL,synthetic,pinball_p90,163.8655302585072,2
naive,prices+weather,2,ALL,synthetic,pinball_mean,181.60175554447721,2
naive,prices+weather,2,ALL,synthetic,mape_p50_pct,20.10790150411109,2
naive,prices+weather,2,ALL,synthetic,coverage_p10_p90_pct,87.65524093392946,2
naive,prices+weather,2,ALL,synthetic,n,4026.0,2
naive,prices+weather,3,ALL,synthetic,pinball_p10,140.9011658567503,2
naive,prices+weather,3,ALL,synthetic,pinball_p50,367.8986897897343,2
naive,prices+weather,3,ALL,synthetic,pinball_p90,222.39455477815892,2
naive,prices+weather,3,ALL,synthetic,pinball_mean,243.73147014154787,2
naive,prices+weather,3,ALL,synthetic,mape_p50_pct,25.258180019056237,2
naive,prices+weather,3,ALL,synthetic,coverage_p10_p90_pct,84.99751614505713,2
naive,prices+weather,3,ALL,synthetic,n,4026.0,2
naive,prices+weather,4,ALL,synthetic,pinball_p10,162.33295003847024,2
naive,prices+weather,4,ALL,synthetic,pinball_p50,469.9632093700437,2
naive,prices+weather,4,ALL,synthetic,pinball_p90,276.08552699298156,2
naive,prices+weather,4,ALL,synthetic,pinball_mean,302.79389546716516,2
naive,prices+weather,4,ALL,synthetic,mape_p50_pct,30.28873686102871,2
naive,prices+weather,4,ALL,synthetic,coverage_p10_p90_pct,81.5946348733234,2
naive,prices+weather,4,ALL,synthetic,n,4026.0,2
naive,prices+weather,spike_14d,ALL,synthetic,spike_events,1214.0,2
naive,prices+weather,spike_14d,ALL,synthetic,spike_recall,0.0,2
naive,prices+weather,spike_14d,ALL,synthetic,spike_precision,,2
naive,prices+weather,spike_14d,ALL,synthetic,spike_false_alarm_rate,0.0,2
naive,prices+weather,spike_14d,ALL,synthetic,spike_brier,0.212977205152555,2
lightgbm_quantile,prices+weather,1,ALL,synthetic,pinball_p10,82.6509639107409,2
lightgbm_quantile,prices+weather,1,ALL,synthetic,pinball_p50,172.06028125613793,2
lightgbm_quantile,prices+weather,1,ALL,synthetic,pinball_p90,89.63404217949281,2
lightgbm_quantile,prices+weather,1,ALL,synthetic,pinball_mean,114.78176244879053,2
lightgbm_quantile,prices+weather,1,ALL,synthetic,mape_p50_pct,13.769404613856286,2
lightgbm_quantile,prices+weather,1,ALL,synthetic,coverage_p10_p90_pct,76.17983109786388,2
lightgbm_quantile,prices+weather,1,ALL,synthetic,n,4026.0,2
lightgbm_quantile,prices+weather,2,ALL,synthetic,pinball_p10,135.7936713929769,2
lightgbm_quantile,prices+weather,2,ALL,synthetic,pinball_p50,258.22030433996144,2
lightgbm_quantile,prices+weather,2,ALL,synthetic,pinball_p90,177.03183658069503,2
lightgbm_quantile,prices+weather,2,ALL,synthetic,pinball_mean,190.34860410454448,2
lightgbm_quantile,prices+weather,2,ALL,synthetic,mape_p50_pct,18.939994996944268,2
lightgbm_quantile,prices+weather,2,ALL,synthetic,coverage_p10_p90_pct,70.74018877297566,2
lightgbm_quantile,prices+weather,2,ALL,synthetic,n,4026.0,2
lightgbm_quantile,prices+weather,3,ALL,synthetic,pinball_p10,173.3796271410633,2
lightgbm_quantile,prices+weather,3,ALL,synthetic,pinball_p50,349.5941080044843,2
lightgbm_quantile,prices+weather,3,ALL,synthetic,pinball_p90,256.16749544328326,2
lightgbm_quantile,prices+weather,3,ALL,synthetic,pinball_mean,259.7137435296103,2
lightgbm_quantile,prices+weather,3,ALL,synthetic,mape_p50_pct,23.42613774639327,2
lightgbm_quantile,prices+weather,3,ALL,synthetic,coverage_p10_p90_pct,66.49279682066567,2
lightgbm_quantile,prices+weather,3,ALL,synthetic,n,4026.0,2
lightgbm_quantile,prices+weather,4,ALL,synthetic,pinball_p10,209.42846326407695,2
lightgbm_quantile,prices+weather,4,ALL,synthetic,pinball_p50,428.8356555163934,2
lightgbm_quantile,prices+weather,4,ALL,synthetic,pinball_p90,324.9745829732396,2
lightgbm_quantile,prices+weather,4,ALL,synthetic,pinball_mean,321.0795672512366,2
lightgbm_quantile,prices+weather,4,ALL,synthetic,mape_p50_pct,26.889116556910487,2
lightgbm_quantile,prices+weather,4,ALL,synthetic,coverage_p10_p90_pct,62.14605067064084,2
lightgbm_quantile,prices+weather,4,ALL,synthetic,n,4026.0,2
lightgbm_quantile,prices+weather,spike_14d,ALL,synthetic,spike_events,1214.0,2
lightgbm_quantile,prices+weather,spike_14d,ALL,synthetic,spike_recall,0.08484349258649095,2
lightgbm_quantile,prices+weather,spike_14d,ALL,synthetic,spike_precision,0.4618834080717489,2
lightgbm_quantile,prices+weather,spike_14d,ALL,synthetic,spike_false_alarm_rate,0.0432744320230797,2
lightgbm_quantile,prices+weather,spike_14d,ALL,synthetic,spike_brier,0.2062844809382915,2
naive,prices+weather,1,ALL,synthetic,pinball_p10,65.44502464835149,3
naive,prices+weather,1,ALL,synthetic,pinball_p50,149.63997108870169,3
naive,prices+weather,1,ALL,synthetic,pinball_p90,73.40872055772041,3
naive,prices+weather,1,ALL,synthetic,pinball_mean,96.16457209825786,3
naive,prices+weather,1,ALL,synthetic,mape_p50_pct,16.426454614946937,3
naive,prices+weather,1,ALL,synthetic,coverage_p10_p90_pct,83.2918326693227,3
naive,prices+weather,1,ALL,synthetic,n,4016.0,3
naive,prices+weather,2,ALL,synthetic,pinball_p10,88.62048727168123,3
naive,prices+weather,2,ALL,synthetic,pinball_p50,202.6922546694142,3
naive,prices+weather,2,ALL,synthetic,pinball_p90,104.49280970884082,3
naive,prices+weather,2,ALL,synthetic,pinball_mean,131.93518388331208,3
naive,prices+weather,2,ALL,synthetic,mape_p50_pct,23.57678503389829,3
naive,prices+weather,2,ALL,synthetic,coverage_p10_p90_pct,86.07721046077211,3
naive,prices+weather,2,ALL,synthetic,n,4015.0,3
naive,prices+weather,3,ALL,synthetic,pinball_p10,101.14655501456312,3
naive,prices+weather,3,ALL,synthetic,pinball_p50,243.34916017928433,3
naive,prices+weather,3,ALL,synthetic,pinball_p90,130.35227831241264,3
naive,prices+weather,3,ALL,synthetic,pinball_mean,158.2826645020867,3
naive,prices+weather,3,ALL,synthetic,mape_p50_pct,29.187268200074612,3
naive,prices+weather,3,ALL,synthetic,coverage_p10_p90_pct,86.89912826899129,3
naive,prices+weather,3,ALL,synthetic,n,4015.0,3
naive,prices+weather,4,ALL,synthetic,pinball_p10,106.02724695685303,3
naive,prices+weather,4,ALL,synthetic,pinball_p50,272.53631777505296,3
naive,prices+weather,4,ALL,synthetic,pinball_p90,154.62942994405032,3
naive,prices+weather,4,ALL,synthetic,pinball_mean,177.73099822531879,3
naive,prices+weather,4,ALL,synthetic,mape_p50_pct,33.144138601745404,3
naive,prices+weather,4,ALL,synthetic,coverage_p10_p90_pct,87.12328767123287,3
naive,prices+weather,4,ALL,synthetic,n,4015.0,3
naive,prices+weather,spike_14d,ALL,synthetic,spike_events,891.0,3
naive,prices+weather,spike_14d,ALL,synthetic,spike_recall,0.0,3
naive,prices+weather,spike_14d,ALL,synthetic,spike_precision,,3
naive,prices+weather,spike_14d,ALL,synthetic,spike_false_alarm_rate,0.0,3
naive,prices+weather,spike_14d,ALL,synthetic,spike_brier,0.17791784407525735,3
lightgbm_quantile,prices+weather,1,ALL,synthetic,pinball_p10,62.862499904503764,3
lightgbm_quantile,prices+weather,1,ALL,synthetic,pinball_p50,152.13396022801376,3
lightgbm_quantile,prices+weather,1,ALL,synthetic,pinball_p90,93.2513413862983,3
lightgbm_quantile,prices+weather,1,ALL,synthetic,pinball_mean,102.74926717293862,3
lightgbm_quantile,prices+weather,1,ALL,synthetic,mape_p50_pct,16.817948726968986,3
lightgbm_quantile,prices+weather,1,ALL,synthetic,coverage_p10_p90_pct,82.12151394422311,3
lightgbm_quantile,prices+weather,1,ALL,synthetic,n,4016.0,3
lightgbm_quantile,prices+weather,2,ALL,synthetic,pinball_p10,81.03254038413779,3
lightgbm_quantile,prices+weather,2,ALL,synthetic,pinball_p50,199.23991274597418,3
lightgbm_quantile,prices+weather,2,ALL,synthetic,pinball_p90,149.34799274487014,3
lightgbm_quantile,prices+weather,2,ALL,synthetic,pinball_mean,143.20681529166072,3
lightgbm_quantile,prices+weather,2,ALL,synthetic,mape_p50_pct,23.46865371512267,3
lightgbm_quantile,prices+weather,2,ALL,synthetic,coverage_p10_p90_pct,84.906600249066,3
lightgbm_quantile,prices+weather,2,ALL,synthetic,n,4015.0,3
lightgbm_quantile,prices+weather,3,ALL,synthetic,pinball_p10,82.05375633712113,3
lightgbm_quantile,prices+weather,3,ALL,synthetic,pinball_p50,229.4191169388772,3
lightgbm_quantile,prices+weather,3,ALL,synthetic,pinball_p90,187.9048289143671,3
lightgbm_quantile,prices+weather,3,ALL,synthetic,pinball_mean,166.45923406345514,3
lightgbm_quantile,prices+weather,3,ALL,synthetic,mape_p50_pct,27.507410362781297,3
lightgbm_quantile,prices+weather,3,ALL,synthetic,coverage_p10_p90_pct,85.80323785803238,3
lightgbm_quantile,prices+weather,3,ALL,synthetic,n,4015.0,3
lightgbm_quantile,prices+weather,4,ALL,synthetic,pinball_p10,93.51724435893262,3
lightgbm_quantile,prices+weather,4,ALL,synthetic,pinball_p50,254.7888996657614,3
lightgbm_quantile,prices+weather,4,ALL,synthetic,pinball_p90,208.88234310283752,3
lightgbm_quantile,prices+weather,4,ALL,synthetic,pinball_mean,185.72949570917717,3
lightgbm_quantile,prices+weather,4,ALL,synthetic,mape_p50_pct,30.80434402370325,3
lightgbm_quantile,prices+weather,4,ALL,synthetic,coverage_p10_p90_pct,82.73972602739727,3
lightgbm_quantile,prices+weather,4,ALL,synthetic,n,4015.0,3
lightgbm_quantile,prices+weather,spike_14d,ALL,synthetic,spike_events,891.0,3
lightgbm_quantile,prices+weather,spike_14d,ALL,synthetic,spike_recall,0.2727272727272727,3
lightgbm_quantile,prices+weather,spike_14d,ALL,synthetic,spike_precision,0.21657754010695188,3
lightgbm_quantile,prices+weather,spike_14d,ALL,synthetic,spike_false_alarm_rate,0.28990765171503957,3
lightgbm_quantile,prices+weather,spike_14d,ALL,synthetic,spike_brier,0.22186977739371153,3
naive,prices+weather,1,ALL,synthetic,pinball_p10,48.853042282486214,4
naive,prices+weather,1,ALL,synthetic,pinball_p50,117.94465807918893,4
naive,prices+weather,1,ALL,synthetic,pinball_p90,57.1737858904857,4
naive,prices+weather,1,ALL,synthetic,pinball_mean,74.65716208405361,4
naive,prices+weather,1,ALL,synthetic,mape_p50_pct,12.829612030309828,4
naive,prices+weather,1,ALL,synthetic,coverage_p10_p90_pct,87.89761431411532,4
naive,prices+weather,1,ALL,synthetic,n,4024.0,4
naive,prices+weather,2,ALL,synthetic,pinball_p10,65.22505313709982,4
naive,prices+weather,2,ALL,synthetic,pinball_p50,153.80745667997408,4
naive,prices+weather,2,ALL,synthetic,pinball_p90,78.62711897207102,4
naive,prices+weather,2,ALL,synthetic,pinball_mean,99.2198762630483,4
naive,prices+weather,2,ALL,synthetic,mape_p50_pct,16.396616021048366,4
naive,prices+weather,2,ALL,synthetic,coverage_p10_p90_pct,90.53180914512923,4
naive,prices+weather,2,ALL,synthetic,n,4024.0,4
naive,prices+weather,3,ALL,synthetic,pinball_p10,78.41734957893483,4
naive,prices+weather,3,ALL,synthetic,pinball_p50,186.32958121205496,4
naive,prices+weather,3,ALL,synthetic,pinball_p90,98.22772381607362,4
naive,prices+weather,3,ALL,synthetic,pinball_mean,120.99155153568779,4
naive,prices+weather,3,ALL,synthetic,mape_p50_pct,18.995983946704232,4
naive,prices+weather,3,ALL,synthetic,coverage_p10_p90_pct,91.77435387673957,4
naive,prices+weather,3,ALL,synthetic,n,4024.0,4
naive,prices+weather,4,ALL,synthetic,pinball_p10,97.25016460495681,4
naive,prices+weather,4,ALL,synthetic,pinball_p50,248.04752374345233,4
naive,prices+weather,4,ALL,synthetic,pinball_p90,153.87578298331488,4
naive,prices+weather,4,ALL,synthetic,pinball_mean,166.39115711057465,4
naive,prices+weather,4,ALL,synthetic,mape_p50_pct,22.026102493560625,4
naive,prices+weather,4,ALL,synthetic,coverage_p10_p90_pct,88.99105367793241,4
naive,prices+weather,4,ALL,synthetic,n,4024.0,4
naive,prices+weather,spike_14d,ALL,synthetic,spike_events,1069.0,4
naive,prices+weather,spike_14d,ALL,synthetic,spike_recall,0.0,4
naive,prices+weather,spike_14d,ALL,synthetic,spike_precision,,4
naive,prices+weather,spike_14d,ALL,synthetic,spike_false_alarm_rate,0.0,4
naive,prices+weather,spike_14d,ALL,synthetic,spike_brier,0.19724096430933588,4
lightgbm_quantile,prices+weather,1,ALL,synthetic,pinball_p10,44.374439078665304,4
lightgbm_quantile,prices+weather,1,ALL,synthetic,pinball_p50,115.57851751301337,4
lightgbm_quantile,prices+weather,1,ALL,synthetic,pinball_p90,59.12792207320375,4
lightgbm_quantile,prices+weather,1,ALL,synthetic,pinball_mean,73.02695955496081,4
lightgbm_quantile,prices+weather,1,ALL,synthetic,mape_p50_pct,12.741436006191641,4
lightgbm_quantile,prices+weather,1,ALL,synthetic,coverage_p10_p90_pct,81.93339960238568,4
lightgbm_quantile,prices+weather,1,ALL,synthetic,n,4024.0,4
lightgbm_quantile,prices+weather,2,ALL,synthetic,pinball_p10,56.527896561067955,4
lightgbm_quantile,prices+weather,2,ALL,synthetic,pinball_p50,140.4365017060709,4
lightgbm_quantile,prices+weather,2,ALL,synthetic,pinball_p90,80.4369207594677,4
lightgbm_quantile,prices+weather,2,ALL,synthetic,pinball_mean,92.4671063422022,4
lightgbm_quantile,prices+weather,2,ALL,synthetic,mape_p50_pct,15.481033038798191,4
lightgbm_quantile,prices+weather,2,ALL,synthetic,coverage_p10_p90_pct,83.27534791252485,4
lightgbm_quantile,prices+weather,2,ALL,synthetic,n,4024.0,4
lightgbm_quantile,prices+weather,3,ALL,synthetic,pinball_p10,65.7595925726565,4
lightgbm_quantile,prices+weather,3,ALL,synthetic,pinball_p50,176.31144800084067,4
lightgbm_quantile,prices+weather,3,ALL,synthetic,pinball_p90,104.17091568099536,4
lightgbm_quantile,prices+weather,3,ALL,synthetic,pinball_mean,115.41398541816416,4
lightgbm_quantile,prices+weather,3,ALL,synthetic,mape_p50_pct,18.60284688756705,4
lightgbm_quantile,prices+weather,3,ALL,synthetic,coverage_p10_p90_pct,79.7962226640159,4
lightgbm_quantile,prices+weather,3,ALL,synthetic,n,4024.0,4
lightgbm_quantile,prices+weather,4,ALL,synthetic,pinball_p10,75.62100659341642,4
lightgbm_quantile,prices+weather,4,ALL,synthetic,pinball_p50,265.3755635357786,4
lightgbm_quantile,prices+weather,4,ALL,synthetic,pinball_p90,169.31913667869858,4
lightgbm_quantile,prices+weather,4,ALL,synthetic,pinball_mean,170.1052356026312,4
lightgbm_quantile,prices+weather,4,ALL,synthetic,mape_p50_pct,24.646887486861754,4
lightgbm_quantile,prices+weather,4,ALL,synthetic,coverage_p10_p90_pct,74.52783300198807,4
lightgbm_quantile,prices+weather,4,ALL,synthetic,n,4024.0,4
lightgbm_quantile,prices+weather,spike_14d,ALL,synthetic,spike_events,1069.0,4
lightgbm_quantile,prices+weather,spike_14d,ALL,synthetic,spike_recall,0.23854069223573432,4
lightgbm_quantile,prices+weather,spike_14d,ALL,synthetic,spike_precision,0.408,4
lightgbm_quantile,prices+weather,spike_14d,ALL,synthetic,spike_false_alarm_rate,0.12745435756114365,4
lightgbm_quantile,prices+weather,spike_14d,ALL,synthetic,spike_brier,0.18909518707858952,4
naive,prices+weather,1,ALL,synthetic,pinball_p10,59.281920633634925,5
naive,prices+weather,1,ALL,synthetic,pinball_p50,155.53057734979066,5
naive,prices+weather,1,ALL,synthetic,pinball_p90,92.84167216864756,5
naive,prices+weather,1,ALL,synthetic,pinball_mean,102.55139005069105,5
naive,prices+weather,1,ALL,synthetic,mape_p50_pct,14.84966087260498,5
naive,prices+weather,1,ALL,synthetic,coverage_p10_p90_pct,84.3400447427293,5
naive,prices+weather,1,ALL,synthetic,n,4023.0,5
naive,prices+weather,2,ALL,synthetic,pinball_p10,87.65015540331041,5
naive,prices+weather,2,ALL,synthetic,pinball_p50,235.986788510359,5
naive,prices+weather,2,ALL,synthetic,pinball_p90,159.12885636031166,5
naive,prices+weather,2,ALL,synthetic,pinball_mean,160.92193342466035,5
naive,prices+weather,2,ALL,synthetic,mape_p50_pct,19.73635901484592,5
naive,prices+weather,2,ALL,synthetic,coverage_p10_p90_pct,86.08003977131494,5
naive,prices+weather,2,ALL,synthetic,n,4023.0,5
naive,prices+weather,3,ALL,synthetic,pinball_p10,106.42508456421837,5
naive,prices+weather,3,ALL,synthetic,pinball_p50,305.4375591022194,5
naive,prices+weather,3,ALL,synthetic,pinball_p90,230.19671246144281,5
naive,prices+weather,3,ALL,synthetic,pinball_mean,214.0197853759602,5
naive,prices+weather,3,ALL,synthetic,mape_p50_pct,23.744868469851653,5
naive,prices+weather,3,ALL,synthetic,coverage_p10_p90_pct,86.8041749502982,5
naive,prices+weather,3,ALL,synthetic,n,4024.0,5
naive,prices+weather,4,ALL,synthetic,pinball_p10,121.78452955110015,5
naive,prices+weather,4,ALL,synthetic,pinball_p50,357.9170720043529,5
naive,prices+weather,4,ALL,synthetic,pinball_p90,258.38486276468626,5
naive,prices+weather,4,ALL,synthetic,pinball_mean,246.02882144004647,5
naive,prices+weather,4,ALL,synthetic,mape_p50_pct,27.06537903566904,5
naive,prices+weather,4,ALL,synthetic,coverage_p10_p90_pct,87.20178926441352,5
naive,prices+weather,4,ALL,synthetic,n,4024.0,5
naive,prices+weather,spike_14d,ALL,synthetic,spike_events,1350.0,5
naive,prices+weather,spike_14d,ALL,synthetic,spike_recall,0.0,5
naive,prices+weather,spike_14d,ALL,synthetic,spike_precision,,5
naive,prices+weather,spike_14d,ALL,synthetic,spike_false_alarm_rate,0.0,5
naive,prices+weather,spike_14d,ALL,synthetic,spike_brier,0.23014883681320839,5
lightgbm_quantile,prices+weather,1,ALL,synthetic,pinball_p10,56.838939968046105,5
lightgbm_quantile,prices+weather,1,ALL,synthetic,pinball_p50,155.6876437492162,5
lightgbm_quantile,prices+weather,1,ALL,synthetic,pinball_p90,118.24578080470656,5
lightgbm_quantile,prices+weather,1,ALL,synthetic,pinball_mean,110.25745484065628,5
lightgbm_quantile,prices+weather,1,ALL,synthetic,mape_p50_pct,15.837485891713474,5
lightgbm_quantile,prices+weather,1,ALL,synthetic,coverage_p10_p90_pct,78.94606015411385,5
lightgbm_quantile,prices+weather,1,ALL,synthetic,n,4023.0,5
lightgbm_quantile,prices+weather,2,ALL,synthetic,pinball_p10,79.78122635064047,5
lightgbm_quantile,prices+weather,2,ALL,synthetic,pinball_p50,241.20215563021034,5
lightgbm_quantile,prices+weather,2,ALL,synthetic,pinball_p90,248.03855688021983,5
lightgbm_quantile,prices+weather,2,ALL,synthetic,pinball_mean,189.6739796203569,5
lightgbm_quantile,prices+weather,2,ALL,synthetic,mape_p50_pct,22.122643544989167,5
lightgbm_quantile,prices+weather,2,ALL,synthetic,coverage_p10_p90_pct,76.88292319164802,5
lightgbm_quantile,prices+weather,2,ALL,synthetic,n,4023.0,5
lightgbm_quantile,prices+weather,3,ALL,synthetic,pinball_p10,91.07756191545144,5
lightgbm_quantile,prices+weather,3,ALL,synthetic,pinball_p50,295.37408814944257,5
lightgbm_quantile,prices+weather,3,ALL,synthetic,pinball_p90,334.6570784710156,5
lightgbm_quantile,prices+weather,3,ALL,synthetic,pinball_mean,240.36957617863655,5
lightgbm_quantile,prices+weather,3,ALL,synthetic,mape_p50_pct,26.5276610848134,5
lightgbm_quantile,prices+weather,3,ALL,synthetic,coverage_p10_p90_pct,75.57157057654076,5
lightgbm_quantile,prices+weather,3,ALL,synthetic,n,4024.0,5
lightgbm_quantile,prices+weather,4,ALL,synthetic,pinball_p10,97.59547965868731,5
lightgbm_quantile,prices+weather,4,ALL,synthetic,pinball_p50,352.76792458906573,5
lightgbm_quantile,prices+weather,4,ALL,synthetic,pinball_p90,369.8887924953352,5
lightgbm_quantile,prices+weather,4,ALL,synthetic,pinball_mean,273.41739891436276,5
lightgbm_quantile,prices+weather,4,ALL,synthetic,mape_p50_pct,32.20180975465796,5
lightgbm_quantile,prices+weather,4,ALL,synthetic,coverage_p10_p90_pct,73.01192842942345,5
lightgbm_quantile,prices+weather,4,ALL,synthetic,n,4024.0,5
lightgbm_quantile,prices+weather,spike_14d,ALL,synthetic,spike_events,1350.0,5
lightgbm_quantile,prices+weather,spike_14d,ALL,synthetic,spike_recall,0.34814814814814815,5
lightgbm_quantile,prices+weather,spike_14d,ALL,synthetic,spike_precision,0.3739061256961018,5
lightgbm_quantile,prices+weather,spike_14d,ALL,synthetic,spike_false_alarm_rate,0.30130168453292494,5
lightgbm_quantile,prices+weather,spike_14d,ALL,synthetic,spike_brier,0.24530585644087985,5
naive,prices+weather,1,ALL,synthetic,pinball_p10,53.332782214389255,6
naive,prices+weather,1,ALL,synthetic,pinball_p50,126.46362730443448,6
naive,prices+weather,1,ALL,synthetic,pinball_p90,66.3790727690412,6
naive,prices+weather,1,ALL,synthetic,pinball_mean,82.05849409595498,6
naive,prices+weather,1,ALL,synthetic,mape_p50_pct,12.9349911934841,6
naive,prices+weather,1,ALL,synthetic,coverage_p10_p90_pct,86.72147483806677,6
naive,prices+weather,1,ALL,synthetic,n,4014.0,6
naive,prices+weather,2,ALL,synthetic,pinball_p10,70.04683608253136,6
naive,prices+weather,2,ALL,synthetic,pinball_p50,164.51132415165688,6
naive,prices+weather,2,ALL,synthetic,pinball_p90,88.39539767939914,6
naive,prices+weather,2,ALL,synthetic,pinball_mean,107.65118597119579,6
naive,prices+weather,2,ALL,synthetic,mape_p50_pct,16.298953263995557,6
naive,prices+weather,2,ALL,synthetic,coverage_p10_p90_pct,90.45839561534629,6
naive,prices+weather,2,ALL,synthetic,n,4014.0,6
naive,prices+weather,3,ALL,synthetic,pinball_p10,84.80094801124778,6
naive,prices+weather,3,ALL,synthetic,pinball_p50,191.56091188933047,6
naive,prices+weather,3,ALL,synthetic,pinball_p90,105.63792166614336,6
naive,prices+weather,3,ALL,synthetic,pinball_mean,127.33326052224054,6
naive,prices+weather,3,ALL,synthetic,mape_p50_pct,18.2606662261754,6
naive,prices+weather,3,ALL,synthetic,coverage_p10_p90_pct,93.34993773349937,6
naive,prices+weather,3,ALL,synthetic,n,4015.0,6
naive,prices+weather,4,ALL,synthetic,pinball_p10,96.95347090720006,6
naive,prices+weather,4,ALL,synthetic,pinball_p50,217.06823052510626,6
naive,prices+weather,4,ALL,synthetic,pinball_p90,118.8556780111714,6
naive,prices+weather,4,ALL,synthetic,pinball_mean,144.29245981449256,6
naive,prices+weather,4,ALL,synthetic,mape_p50_pct,20.065854054244493,6
naive,prices+weather,4,ALL,synthetic,coverage_p10_p90_pct,93.30012453300125,6
naive,prices+weather,4,ALL,synthetic,n,4015.0,6
naive,prices+weather,spike_14d,ALL,synthetic,spike_events,988.0,6
naive,prices+weather,spike_14d,ALL,synthetic,spike_recall,0.0,6
naive,prices+weather,spike_14d,ALL,synthetic,spike_precision,,6
naive,prices+weather,spike_14d,ALL,synthetic,spike_false_alarm_rate,0.0,6
naive,prices+weather,spike_14d,ALL,synthetic,spike_brier,0.18862186262197483,6
lightgbm_quantile,prices+weather,1,ALL,synthetic,pinball_p10,53.76882565057094,6
lightgbm_quantile,prices+weather,1,ALL,synthetic,pinball_p50,128.6316496389489,6
lightgbm_quantile,prices+weather,1,ALL,synthetic,pinball_p90,69.48763850998134,6
lightgbm_quantile,prices+weather,1,ALL,synthetic,pinball_mean,83.96270459983371,6
lightgbm_quantile,prices+weather,1,ALL,synthetic,mape_p50_pct,13.02424837927475,6
lightgbm_quantile,prices+weather,1,ALL,synthetic,coverage_p10_p90_pct,83.78176382660688,6
lightgbm_quantile,prices+weather,1,ALL,synthetic,n,4014.0,6
lightgbm_quantile,prices+weather,2,ALL,synthetic,pinball_p10,66.13082257911522,6
lightgbm_quantile,prices+weather,2,ALL,synthetic,pinball_p50,164.13597351417414,6
lightgbm_quantile,prices+weather,2,ALL,synthetic,pinball_p90,101.87573469766768,6
lightgbm_quantile,prices+weather,2,ALL,synthetic,pinball_mean,110.71417693031901,6
lightgbm_quantile,prices+weather,2,ALL,synthetic,mape_p50_pct,16.07412716505319,6
lightgbm_quantile,prices+weather,2,ALL,synthetic,coverage_p10_p90_pct,86.6965620328849,6
lightgbm_quantile,prices+weather,2,ALL,synthetic,n,4014.0,6
lightgbm_quantile,prices+weather,3,ALL,synthetic,pinball_p10,75.46839919359732,6
lightgbm_quantile,prices+weather,3,ALL,synthetic,pinball_p50,174.60747880663746,6
lightgbm_quantile,prices+weather,3,ALL,synthetic,pinball_p90,123.30494936729508,6
lightgbm_quantile,prices+weather,3,ALL,synthetic,pinball_mean,124.4602757891766,6
lightgbm_quantile,prices+weather,3,ALL,synthetic,mape_p50_pct,16.689951905379175,6
lightgbm_quantile,prices+weather,3,ALL,synthetic,coverage_p10_p90_pct,88.11955168119552,6
lightgbm_quantile,prices+weather,3,ALL,synthetic,n,4015.0,6
lightgbm_quantile,prices+weather,4,ALL,synthetic,pinball_p10,83.25173816838902,6
lightgbm_quantile,prices+weather,4,ALL,synthetic,pinball_p50,184.32808127812834,6
lightgbm_quantile,prices+weather,4,ALL,synthetic,pinball_p90,132.22988049122947,6
lightgbm_quantile,prices+weather,4,ALL,synthetic,pinball_mean,133.26989997924895,6
lightgbm_quantile,prices+weather,4,ALL,synthetic,mape_p50_pct,17.336464984566042,6
lightgbm_quantile,prices+weather,4,ALL,synthetic,coverage_p10_p90_pct,90.33623910336239,6
lightgbm_quantile,prices+weather,4,ALL,synthetic,n,4015.0,6
lightgbm_quantile,prices+weather,spike_14d,ALL,synthetic,spike_events,988.0,6
lightgbm_quantile,prices+weather,spike_14d,ALL,synthetic,spike_recall,0.12753036437246965,6
lightgbm_quantile,prices+weather,spike_14d,ALL,synthetic,spike_precision,0.3080684596577017,6
lightgbm_quantile,prices+weather,spike_14d,ALL,synthetic,spike_false_alarm_rate,0.09635682669390534,6
lightgbm_quantile,prices+weather,spike_14d,ALL,synthetic,spike_brier,0.18905177275803642,6
naive,prices+weather,1,ALL,synthetic,pinball_p10,57.06078468454856,7
naive,prices+weather,1,ALL,synthetic,pinball_p50,142.08970419354208,7
naive,prices+weather,1,ALL,synthetic,pinball_p90,71.97415265192429,7
naive,prices+weather,1,ALL,synthetic,pinball_mean,90.37488051000497,7
naive,prices+weather,1,ALL,synthetic,mape_p50_pct,13.062754847365508,7
naive,prices+weather,1,ALL,synthetic,coverage_p10_p90_pct,85.15392254220457,7
naive,prices+weather,1,ALL,synthetic,n,4028.0,7
naive,prices+weather,2,ALL,synthetic,pinball_p10,69.88508662170253,7
naive,prices+weather,2,ALL,synthetic,pinball_p50,181.36758583671292,7
naive,prices+weather,2,ALL,synthetic,pinball_p90,93.1219479869573,7
naive,prices+weather,2,ALL,synthetic,pinball_mean,114.79154014845757,7
naive,prices+weather,2,ALL,synthetic,mape_p50_pct,16.716058139002456,7
naive,prices+weather,2,ALL,synthetic,coverage_p10_p90_pct,87.1712158808933,7
naive,prices+weather,2,ALL,synthetic,n,4030.0,7
naive,prices+weather,3,ALL,synthetic,pinball_p10,77.30554687801252,7
naive,prices+weather,3,ALL,synthetic,pinball_p50,203.78039693977888,7
naive,prices+weather,3,ALL,synthetic,pinball_p90,108.25288720194753,7
naive,prices+weather,3,ALL,synthetic,pinball_mean,129.77961033991298,7
naive,prices+weather,3,ALL,synthetic,mape_p50_pct,18.828982730172523,7
naive,prices+weather,3,ALL,synthetic,coverage_p10_p90_pct,89.62779156327544,7
naive,prices+weather,3,ALL,synthetic,n,4030.0,7
naive,prices+weather,4,ALL,synthetic,pinball_p10,83.38697461255565,7
naive,prices+weather,4,ALL,synthetic,pinball_p50,218.13782384837117,7
naive,prices+weather,4,ALL,synthetic,pinball_p90,124.30881061162476,7
naive,prices+weather,4,ALL,synthetic,pinball_mean,141.9445363575172,7
naive,prices+weather,4,ALL,synthetic,mape_p50_pct,20.05576739658584,7
naive,prices+weather,4,ALL,synthetic,coverage_p10_p90_pct,90.32258064516128,7
naive,prices+weather,4,ALL,synthetic,n,4030.0,7
naive,prices+weather,spike_14d,ALL,synthetic,spike_events,796.0,7
naive,prices+weather,spike_14d,ALL,synthetic,spike_recall,0.0,7
naive,prices+weather,spike_14d,ALL,synthetic,spike_precision,,7
naive,prices+weather,spike_14d,ALL,synthetic,spike_false_alarm_rate,0.0,7
naive,prices+weather,spike_14d,ALL,synthetic,spike_brier,0.16018502869695977,7
lightgbm_quantile,prices+weather,1,ALL,synthetic,pinball_p10,68.6143312000145,7
lightgbm_quantile,prices+weather,1,ALL,synthetic,pinball_p50,152.57835280737828,7
lightgbm_quantile,prices+weather,1,ALL,synthetic,pinball_p90,73.47089298486867,7
lightgbm_quantile,prices+weather,1,ALL,synthetic,pinball_mean,98.22119233075382,7
lightgbm_quantile,prices+weather,1,ALL,synthetic,mape_p50_pct,13.572670817293456,7
lightgbm_quantile,prices+weather,1,ALL,synthetic,coverage_p10_p90_pct,72.96425024826216,7
lightgbm_quantile,prices+weather,1,ALL,synthetic,n,4028.0,7
lightgbm_quantile,prices+weather,2,ALL,synthetic,pinball_p10,80.41854341028585,7
lightgbm_quantile,prices+weather,2,ALL,synthetic,pinball_p50,193.73061379489982,7
lightgbm_quantile,prices+weather,2,ALL,synthetic,pinball_p90,96.31637555480832,7
lightgbm_quantile,prices+weather,2,ALL,synthetic,pinball_mean,123.488510919998,7
lightgbm_quantile,prices+weather,2,ALL,synthetic,mape_p50_pct,17.175096803659716,7
lightgbm_quantile,prices+weather,2,ALL,synthetic,coverage_p10_p90_pct,72.0347394540943,7
lightgbm_quantile,prices+weather,2,ALL,synthetic,n,4030.0,7
lightgbm_quantile,prices+weather,3,ALL,synthetic,pinball_p10,87.23814335142772,7
lightgbm_quantile,prices+weather,3,ALL,synthetic,pinball_p50,199.383504590237,7
lightgbm_quantile,prices+weather,3,ALL,synthetic,pinball_p90,107.3104432645956,7
lightgbm_quantile,prices+weather,3,ALL,synthetic,pinball_mean,131.31069706875346,7
lightgbm_quantile,prices+weather,3,ALL,synthetic,mape_p50_pct,17.78422693096567,7
lightgbm_quantile,prices+weather,3,ALL,synthetic,coverage_p10_p90_pct,71.21588089330024,7
lightgbm_quantile,prices+weather,3,ALL,synthetic,n,4030.0,7
lightgbm_quantile,prices+weather,4,ALL,synthetic,pinball_p10,98.18406825307889,7
lightgbm_quantile,prices+weather,4,ALL,synthetic,pinball_p50,206.74319842869306,7
lightgbm_quantile,prices+weather,4,ALL,synthetic,pinball_p90,110.65789562695156,7
lightgbm_quantile,prices+weather,4,ALL,synthetic,pinball_mean,138.52838743624116,7
lightgbm_quantile,prices+weather,4,ALL,synthetic,mape_p50_pct,18.42456627461108,7
lightgbm_quantile,prices+weather,4,ALL,synthetic,coverage_p10_p90_pct,68.53598014888338,7
lightgbm_quantile,prices+weather,4,ALL,synthetic,n,4030.0,7
lightgbm_quantile,prices+weather,spike_14d,ALL,synthetic,spike_events,796.0,7
lightgbm_quantile,prices+weather,spike_14d,ALL,synthetic,spike_recall,0.0728643216080402,7
lightgbm_quantile,prices+weather,spike_14d,ALL,synthetic,spike_precision,0.2636363636363636,7
lightgbm_quantile,prices+weather,spike_14d,ALL,synthetic,spike_false_alarm_rate,0.050263729444616816,7
lightgbm_quantile,prices+weather,spike_14d,ALL,synthetic,spike_brier,0.16481957177279605,7
naive,prices+weather,1,ALL,synthetic,pinball_p10,89.14191915093389,8
naive,prices+weather,1,ALL,synthetic,pinball_p50,213.238132760243,8
naive,prices+weather,1,ALL,synthetic,pinball_p90,111.74424980010372,8
naive,prices+weather,1,ALL,synthetic,pinball_mean,138.0414339037602,8
naive,prices+weather,1,ALL,synthetic,mape_p50_pct,15.672087642766483,8
naive,prices+weather,1,ALL,synthetic,coverage_p10_p90_pct,76.84630738522954,8
naive,prices+weather,1,ALL,synthetic,n,4008.0,8
naive,prices+weather,2,ALL,synthetic,pinball_p10,128.49319494881027,8
naive,prices+weather,2,ALL,synthetic,pinball_p50,311.8630833271742,8
naive,prices+weather,2,ALL,synthetic,pinball_p90,169.91356286414302,8
naive,prices+weather,2,ALL,synthetic,pinball_mean,203.42328038004248,8
naive,prices+weather,2,ALL,synthetic,mape_p50_pct,22.350110992529984,8
naive,prices+weather,2,ALL,synthetic,coverage_p10_p90_pct,72.97904191616766,8
naive,prices+weather,2,ALL,synthetic,n,4008.0,8
naive,prices+weather,3,ALL,synthetic,pinball_p10,151.87094145345085,8
naive,prices+weather,3,ALL,synthetic,pinball_p50,377.14629170057526,8
naive,prices+weather,3,ALL,synthetic,pinball_p90,204.54616672204511,8
naive,prices+weather,3,ALL,synthetic,pinball_mean,244.52113329202373,8
naive,prices+weather,3,ALL,synthetic,mape_p50_pct,26.753546764217806,8
naive,prices+weather,3,ALL,synthetic,coverage_p10_p90_pct,70.30938123752495,8
naive,prices+weather,3,ALL,synthetic,n,4008.0,8
naive,prices+weather,4,ALL,synthetic,pinball_p10,157.53421667100764,8
naive,prices+weather,4,ALL,synthetic,pinball_p50,413.1357146067766,8
naive,prices+weather,4,ALL,synthetic,pinball_p90,222.29073848035202,8
naive,prices+weather,4,ALL,synthetic,pinball_mean,264.3202232527121,8
naive,prices+weather,4,ALL,synthetic,mape_p50_pct,29.27555482544702,8
naive,prices+weather,4,ALL,synthetic,coverage_p10_p90_pct,70.78343313373253,8
naive,prices+weather,4,ALL,synthetic,n,4008.0,8
naive,prices+weather,spike_14d,ALL,synthetic,spike_events,1217.0,8
naive,prices+weather,spike_14d,ALL,synthetic,spike_recall,0.0,8
naive,prices+weather,spike_14d,ALL,synthetic,spike_precision,,8
naive,prices+weather,spike_14d,ALL,synthetic,spike_false_alarm_rate,0.0,8
naive,prices+weather,spike_14d,ALL,synthetic,spike_brier,0.21877684239574915,8
lightgbm_quantile,prices+weather,1,ALL,synthetic,pinball_p10,81.99795806976144,8
lightgbm_quantile,prices+weather,1,ALL,synthetic,pinball_p50,205.03565619250975,8
lightgbm_quantile,prices+weather,1,ALL,synthetic,pinball_p90,113.33676785891933,8
lightgbm_quantile,prices+weather,1,ALL,synthetic,pinball_mean,133.45679404039683,8
lightgbm_quantile,prices+weather,1,ALL,synthetic,mape_p50_pct,14.968297627389775,8
lightgbm_quantile,prices+weather,1,ALL,synthetic,coverage_p10_p90_pct,78.11876247504989,8
lightgbm_quantile,prices+weather,1,ALL,synthetic,n,4008.0,8
lightgbm_quantile,prices+weather,2,ALL,synthetic,pinball_p10,103.0298053691364,8
lightgbm_quantile,prices+weather,2,ALL,synthetic,pinball_p50,274.3626592508472,8
lightgbm_quantile,prices+weather,2,ALL,synthetic,pinball_p90,154.71546241228359,8
lightgbm_quantile,prices+weather,2,ALL,synthetic,pinball_mean,177.36930901075573,8
lightgbm_quantile,prices+weather,2,ALL,synthetic,mape_p50_pct,19.74006582563746,8
lightgbm_quantile,prices+weather,2,ALL,synthetic,coverage_p10_p90_pct,74.82534930139721,8
lightgbm_quantile,prices+weather,2,ALL,synthetic,n,4008.0,8
lightgbm_quantile,prices+weather,3,ALL,synthetic,pinball_p10,106.69880821847491,8
lightgbm_quantile,prices+weather,3,ALL,synthetic,pinball_p50,301.6932434941878,8
lightgbm_quantile,prices+weather,3,ALL,synthetic,pinball_p90,181.67813584254762,8
lightgbm_quantile,prices+weather,3,ALL,synthetic,pinball_mean,196.69006251840344,8
lightgbm_quantile,prices+weather,3,ALL,synthetic,mape_p50_pct,21.702265828354616,8
lightgbm_quantile,prices+weather,3,ALL,synthetic,coverage_p10_p90_pct,75.0,8
lightgbm_quantile,prices+weather,3,ALL,synthetic,n,4008.0,8
lightgbm_quantile,prices+weather,4,ALL,synthetic,pinball_p10,111.44075242147889,8
lightgbm_quantile,prices+weather,4,ALL,synthetic,pinball_p50,304.52045678881126,8
lightgbm_quantile,prices+weather,4,ALL,synthetic,pinball_p90,205.69377456630363,8
lightgbm_quantile,prices+weather,4,ALL,synthetic,pinball_mean,207.21832792553127,8
lightgbm_quantile,prices+weather,4,ALL,synthetic,mape_p50_pct,21.872992214735497,8
lightgbm_quantile,prices+weather,4,ALL,synthetic,coverage_p10_p90_pct,73.10379241516966,8
lightgbm_quantile,prices+weather,4,ALL,synthetic,n,4008.0,8
lightgbm_quantile,prices+weather,spike_14d,ALL,synthetic,spike_events,1217.0,8
lightgbm_quantile,prices+weather,spike_14d,ALL,synthetic,spike_recall,0.3319638455217749,8
lightgbm_quantile,prices+weather,spike_14d,ALL,synthetic,spike_precision,0.5153061224489796,8
lightgbm_quantile,prices+weather,spike_14d,ALL,synthetic,spike_false_alarm_rate,0.14084507042253522,8
lightgbm_quantile,prices+weather,spike_14d,ALL,synthetic,spike_brier,0.19950102940973205,8
