model_name,threshold_rule,events_scoreable,detected,forecast_days,mandi_years,alert_days,false_alarm_days,recall,lead_days_median,lead_days_min,lead_days_max,alert_day_share_pct,alert_precision,false_alarm_days_per_mandi_year,withheld,seed,events_found,data_provenance
naive,fixed_0.5,110,0,4029,11.04,0,0,0.0,,,,0.0,,0.0,False,1,813,synthetic
naive,earlier_folds_f1,110,110,4029,11.04,4029,2403,1.0,14.0,14.0,14.0,100.0,0.404,217.7,False,1,813,synthetic
seasonal_naive,fixed_0.5,110,0,4029,11.04,0,0,0.0,,,,0.0,,0.0,False,1,813,synthetic
seasonal_naive,earlier_folds_f1,110,110,4029,11.04,4029,2403,1.0,14.0,14.0,14.0,100.0,0.404,217.7,False,1,813,synthetic
lightgbm_quantile,fixed_0.5,110,42,4029,11.04,547,254,0.382,14.0,2.0,14.0,13.6,0.536,23.0,False,1,813,synthetic
lightgbm_quantile,earlier_folds_f1,110,104,4029,11.04,3109,1665,0.945,14.0,11.0,14.0,77.2,0.464,150.8,False,1,813,synthetic
naive,fixed_0.5,104,0,4029,11.04,0,0,0.0,,,,0.0,,0.0,False,2,831,synthetic
naive,earlier_folds_f1,104,104,4029,11.04,4029,2476,1.0,14.0,14.0,14.0,100.0,0.385,224.3,False,2,831,synthetic
seasonal_naive,fixed_0.5,104,0,4029,11.04,0,0,0.0,,,,0.0,,0.0,False,2,831,synthetic
seasonal_naive,earlier_folds_f1,104,104,4029,11.04,4029,2476,1.0,14.0,14.0,14.0,100.0,0.385,224.3,False,2,831,synthetic
lightgbm_quantile,fixed_0.5,104,21,4029,11.04,227,108,0.202,8.0,3.0,14.0,5.6,0.524,9.8,False,2,831,synthetic
lightgbm_quantile,earlier_folds_f1,104,104,4029,11.04,3057,1753,1.0,14.0,3.0,14.0,75.9,0.427,158.8,False,2,831,synthetic
naive,fixed_0.5,108,0,4024,11.02,0,0,0.0,,,,0.0,,0.0,False,3,862,synthetic
naive,earlier_folds_f1,108,108,4024,11.02,4024,2487,1.0,14.0,14.0,14.0,100.0,0.382,225.6,False,3,862,synthetic
seasonal_naive,fixed_0.5,108,0,4024,11.02,0,0,0.0,,,,0.0,,0.0,False,3,862,synthetic
seasonal_naive,earlier_folds_f1,108,108,4024,11.02,4024,2487,1.0,14.0,14.0,14.0,100.0,0.382,225.6,False,3,862,synthetic
lightgbm_quantile,fixed_0.5,108,58,4024,11.02,1160,657,0.537,13.0,1.0,14.0,28.8,0.434,59.6,False,3,862,synthetic
lightgbm_quantile,earlier_folds_f1,108,108,4024,11.02,3679,2182,1.0,14.0,7.0,14.0,91.4,0.407,197.9,False,3,862,synthetic
naive,fixed_0.5,126,0,4028,11.04,0,0,0.0,,,,0.0,,0.0,False,4,857,synthetic
naive,earlier_folds_f1,126,95,4028,11.04,3023,1682,0.754,14.0,13.0,14.0,75.0,0.444,152.4,False,4,857,synthetic
seasonal_naive,fixed_0.5,126,0,4028,11.04,0,0,0.0,,,,0.0,,0.0,False,4,857,synthetic
seasonal_naive,earlier_folds_f1,126,95,4028,11.04,3023,1682,0.754,14.0,13.0,14.0,75.0,0.444,152.4,False,4,857,synthetic
lightgbm_quantile,fixed_0.5,126,73,4028,11.04,639,293,0.579,11.0,1.0,14.0,15.9,0.541,26.6,False,4,857,synthetic
lightgbm_quantile,earlier_folds_f1,126,110,4028,11.04,2248,1103,0.873,14.0,4.0,14.0,55.8,0.509,99.9,False,4,857,synthetic
naive,fixed_0.5,118,0,4028,11.04,0,0,0.0,,,,0.0,,0.0,False,5,792,synthetic
naive,earlier_folds_f1,118,118,4028,11.04,4028,2377,1.0,14.0,14.0,14.0,100.0,0.41,215.4,False,5,792,synthetic
seasonal_naive,fixed_0.5,118,0,4028,11.04,0,0,0.0,,,,0.0,,0.0,False,5,792,synthetic
seasonal_naive,earlier_folds_f1,118,118,4028,11.04,4028,2377,1.0,14.0,14.0,14.0,100.0,0.41,215.4,False,5,792,synthetic
lightgbm_quantile,fixed_0.5,118,60,4028,11.04,1280,588,0.508,14.0,1.0,14.0,31.8,0.541,53.3,False,5,792,synthetic
lightgbm_quantile,earlier_folds_f1,118,117,4028,11.04,3216,1732,0.992,14.0,4.0,14.0,79.8,0.461,156.9,False,5,792,synthetic
naive,fixed_0.5,116,0,4023,11.02,0,0,0.0,,,,0.0,,0.0,False,6,825,synthetic
naive,earlier_folds_f1,116,116,4023,11.02,4023,2307,1.0,14.0,14.0,14.0,100.0,0.427,209.3,False,6,825,synthetic
seasonal_naive,fixed_0.5,116,0,4023,11.02,0,0,0.0,,,,0.0,,0.0,False,6,825,synthetic
seasonal_naive,earlier_folds_f1,116,116,4023,11.02,4023,2307,1.0,14.0,14.0,14.0,100.0,0.427,209.3,False,6,825,synthetic
lightgbm_quantile,fixed_0.5,116,25,4023,11.02,421,250,0.216,11.0,1.0,14.0,10.5,0.406,22.7,False,6,825,synthetic
lightgbm_quantile,earlier_folds_f1,116,102,4023,11.02,2183,1102,0.879,14.0,3.0,14.0,54.3,0.495,100.0,False,6,825,synthetic
naive,fixed_0.5,101,0,4030,11.04,0,0,0.0,,,,0.0,,0.0,False,7,852,synthetic
naive,earlier_folds_f1,101,101,4030,11.04,4030,2567,1.0,14.0,14.0,14.0,100.0,0.363,232.5,False,7,852,synthetic
seasonal_naive,fixed_0.5,101,0,4030,11.04,0,0,0.0,,,,0.0,,0.0,False,7,852,synthetic
seasonal_naive,earlier_folds_f1,101,101,4030,11.04,4030,2567,1.0,14.0,14.0,14.0,100.0,0.363,232.5,False,7,852,synthetic
lightgbm_quantile,fixed_0.5,101,20,4030,11.04,220,105,0.198,12.0,7.0,14.0,5.5,0.523,9.5,False,7,852,synthetic
lightgbm_quantile,earlier_folds_f1,101,72,4030,11.04,1376,791,0.713,14.0,1.0,14.0,34.1,0.425,71.6,False,7,852,synthetic
naive,fixed_0.5,104,0,4020,11.01,0,0,0.0,,,,0.0,,0.0,False,8,878,synthetic
naive,earlier_folds_f1,104,104,4020,11.01,4020,2560,1.0,14.0,14.0,14.0,100.0,0.363,232.4,False,8,878,synthetic
seasonal_naive,fixed_0.5,104,0,4020,11.01,0,0,0.0,,,,0.0,,0.0,False,8,878,synthetic
seasonal_naive,earlier_folds_f1,104,104,4020,11.01,4020,2560,1.0,14.0,14.0,14.0,100.0,0.363,232.4,False,8,878,synthetic
lightgbm_quantile,fixed_0.5,104,60,4020,11.01,795,306,0.577,14.0,3.0,14.0,19.8,0.615,27.8,False,8,878,synthetic
lightgbm_quantile,earlier_folds_f1,104,102,4020,11.01,2812,1579,0.981,14.0,2.0,14.0,70.0,0.438,143.4,False,8,878,synthetic
