seed,key,value
1,naive|1|pinball_mean,101.65852627610093
1,naive|1|coverage_p10_p90_pct,82.93591654247392
1,naive|1|n,4026.0
1,naive|2|pinball_mean,140.31808662675095
1,naive|2|coverage_p10_p90_pct,85.74267262791852
1,naive|2|n,4026.0
1,naive|3|pinball_mean,171.79947875849965
1,naive|3|coverage_p10_p90_pct,87.48137108792847
1,naive|3|n,4026.0
1,naive|4|pinball_mean,191.00226643858898
1,naive|4|coverage_p10_p90_pct,86.63686040735222
1,naive|4|n,4026.0
1,seasonal_naive|1|pinball_mean,127.46762014365642
1,seasonal_naive|1|coverage_p10_p90_pct,87.68007948335817
1,seasonal_naive|1|n,4026.0
1,seasonal_naive|2|pinball_mean,169.3610580711874
1,seasonal_naive|2|coverage_p10_p90_pct,90.08941877794337
1,seasonal_naive|2|n,4026.0
1,seasonal_naive|3|pinball_mean,196.83757096134266
1,seasonal_naive|3|coverage_p10_p90_pct,90.5116741182315
1,seasonal_naive|3|n,4026.0
1,seasonal_naive|4|pinball_mean,209.32385178246082
1,seasonal_naive|4|coverage_p10_p90_pct,91.95230998509687
1,seasonal_naive|4|n,4026.0
1,lightgbm_quantile|1|pinball_mean,98.88667172943792
1,lightgbm_quantile|1|coverage_p10_p90_pct,81.0481867858917
1,lightgbm_quantile|1|n,4026.0
1,lightgbm_quantile|2|pinball_mean,133.17545494026442
1,lightgbm_quantile|2|coverage_p10_p90_pct,77.4962742175857
1,lightgbm_quantile|2|n,4026.0
1,lightgbm_quantile|3|pinball_mean,161.6001249799823
1,lightgbm_quantile|3|coverage_p10_p90_pct,72.52856433184301
1,lightgbm_quantile|3|n,4026.0
1,lightgbm_quantile|4|pinball_mean,177.66149234540174
1,lightgbm_quantile|4|coverage_p10_p90_pct,68.87729756582216
1,lightgbm_quantile|4|n,4026.0
1,lightgbm_quantile_calibrated|1|pinball_mean,99.85869992061168
1,lightgbm_quantile_calibrated|1|coverage_p10_p90_pct,82.06656731246895
1,lightgbm_quantile_calibrated|1|n,4026.0
1,lightgbm_quantile_calibrated|2|pinball_mean,136.09316243326754
1,lightgbm_quantile_calibrated|2|coverage_p10_p90_pct,78.71336313959264
1,lightgbm_quantile_calibrated|2|n,4026.0
1,lightgbm_quantile_calibrated|3|pinball_mean,165.84211849280044
1,lightgbm_quantile_calibrated|3|coverage_p10_p90_pct,74.29210134128166
1,lightgbm_quantile_calibrated|3|n,4026.0
1,lightgbm_quantile_calibrated|4|pinball_mean,181.8043883237807
1,lightgbm_quantile_calibrated|4|coverage_p10_p90_pct,71.9324391455539
1,lightgbm_quantile_calibrated|4|n,4026.0
1,lightgbm_quantile_calibrated|1|applied_pct,100.0
1,lightgbm_quantile_calibrated|2|applied_pct,100.0
1,lightgbm_quantile_calibrated|3|applied_pct,100.0
1,lightgbm_quantile_calibrated|4|applied_pct,100.0
2,naive|1|pinball_mean,114.17727887373998
2,naive|1|coverage_p10_p90_pct,87.87878787878788
2,naive|1|n,4026.0
2,naive|2|pinball_mean,181.60175554447721
2,naive|2|coverage_p10_p90_pct,87.65524093392946
2,naive|2|n,4026.0
2,naive|3|pinball_mean,243.73147014154787
2,naive|3|coverage_p10_p90_pct,84.99751614505713
2,naive|3|n,4026.0
2,naive|4|pinball_mean,302.79389546716516
2,naive|4|coverage_p10_p90_pct,81.5946348733234
2,naive|4|n,4026.0
2,seasonal_naive|1|pinball_mean,181.13804972152892
2,seasonal_naive|1|coverage_p10_p90_pct,86.83556880278192
2,seasonal_naive|1|n,4026.0
2,seasonal_naive|2|pinball_mean,271.83273996057625
2,seasonal_naive|2|coverage_p10_p90_pct,87.97814207650273
2,seasonal_naive|2|n,4026.0
2,seasonal_naive|3|pinball_mean,333.0929501342346
2,seasonal_naive|3|coverage_p10_p90_pct,88.94684550422255
2,seasonal_naive|3|n,4026.0
2,seasonal_naive|4|pinball_mean,385.2506709661614
2,seasonal_naive|4|coverage_p10_p90_pct,88.32588176850471
2,seasonal_naive|4|n,4026.0
2,lightgbm_quantile|1|pinball_mean,114.78176244879053
2,lightgbm_quantile|1|coverage_p10_p90_pct,76.17983109786388
2,lightgbm_quantile|1|n,4026.0
2,lightgbm_quantile|2|pinball_mean,190.34860410454448
2,lightgbm_quantile|2|coverage_p10_p90_pct,70.74018877297566
2,lightgbm_quantile|2|n,4026.0
2,lightgbm_quantile|3|pinball_mean,259.7137435296103
2,lightgbm_quantile|3|coverage_p10_p90_pct,66.49279682066567
2,lightgbm_quantile|3|n,4026.0
2,lightgbm_quantile|4|pinball_mean,321.0795672512366
2,lightgbm_quantile|4|coverage_p10_p90_pct,62.14605067064084
2,lightgbm_quantile|4|n,4026.0
2,lightgbm_quantile_calibrated|1|pinball_mean,114.49793974296801
2,lightgbm_quantile_calibrated|1|coverage_p10_p90_pct,79.63238946845505
2,lightgbm_quantile_calibrated|1|n,4026.0
2,lightgbm_quantile_calibrated|2|pinball_mean,187.5661808096354
2,lightgbm_quantile_calibrated|2|coverage_p10_p90_pct,77.96820665673124
2,lightgbm_quantile_calibrated|2|n,4026.0
2,lightgbm_quantile_calibrated|3|pinball_mean,253.32260202943698
2,lightgbm_quantile_calibrated|3|coverage_p10_p90_pct,78.6140089418778
2,lightgbm_quantile_calibrated|3|n,4026.0
2,lightgbm_quantile_calibrated|4|pinball_mean,310.60747973985855
2,lightgbm_quantile_calibrated|4|coverage_p10_p90_pct,77.29756582215599
2,lightgbm_quantile_calibrated|4|n,4026.0
2,lightgbm_quantile_calibrated|1|applied_pct,100.0
2,lightgbm_quantile_calibrated|2|applied_pct,100.0
2,lightgbm_quantile_calibrated|3|applied_pct,100.0
2,lightgbm_quantile_calibrated|4|applied_pct,100.0
3,naive|1|pinball_mean,96.16457209825786
3,naive|1|coverage_p10_p90_pct,83.2918326693227
3,naive|1|n,4016.0
3,naive|2|pinball_mean,131.93518388331208
3,naive|2|coverage_p10_p90_pct,86.07721046077211
3,naive|2|n,4015.0
3,naive|3|pinball_mean,158.2826645020867
3,naive|3|coverage_p10_p90_pct,86.89912826899129
3,naive|3|n,4015.0
3,naive|4|pinball_mean,177.73099822531879
3,naive|4|coverage_p10_p90_pct,87.12328767123287
3,naive|4|n,4015.0
3,seasonal_naive|1|pinball_mean,161.86108233179914
3,seasonal_naive|1|coverage_p10_p90_pct,78.53585657370517
3,seasonal_naive|1|n,4016.0
3,seasonal_naive|2|pinball_mean,244.28774534694927
3,seasonal_naive|2|coverage_p10_p90_pct,78.55541718555418
3,seasonal_naive|2|n,4015.0
3,seasonal_naive|3|pinball_mean,310.8529573046282
3,seasonal_naive|3|coverage_p10_p90_pct,76.16438356164383
3,seasonal_naive|3|n,4015.0
3,seasonal_naive|4|pinball_mean,368.6585893288356
3,seasonal_naive|4|coverage_p10_p90_pct,75.19302615193027
3,seasonal_naive|4|n,4015.0
3,lightgbm_quantile|1|pinball_mean,102.74926717293862
3,lightgbm_quantile|1|coverage_p10_p90_pct,82.12151394422311
3,lightgbm_quantile|1|n,4016.0
3,lightgbm_quantile|2|pinball_mean,143.20681529166072
3,lightgbm_quantile|2|coverage_p10_p90_pct,84.906600249066
3,lightgbm_quantile|2|n,4015.0
3,lightgbm_quantile|3|pinball_mean,166.45923406345514
3,lightgbm_quantile|3|coverage_p10_p90_pct,85.80323785803238
3,lightgbm_quantile|3|n,4015.0
3,lightgbm_quantile|4|pinball_mean,185.72949570917717
3,lightgbm_quantile|4|coverage_p10_p90_pct,82.73972602739727
3,lightgbm_quantile|4|n,4015.0
3,lightgbm_quantile_calibrated|1|pinball_mean,104.70454573782278
3,lightgbm_quantile_calibrated|1|coverage_p10_p90_pct,85.00996015936255
3,lightgbm_quantile_calibrated|1|n,4016.0
3,lightgbm_quantile_calibrated|2|pinball_mean,154.68237556801134
3,lightgbm_quantile_calibrated|2|coverage_p10_p90_pct,86.0024906600249
3,lightgbm_quantile_calibrated|2|n,4015.0
3,lightgbm_quantile_calibrated|3|pinball_mean,190.57955011406509
3,lightgbm_quantile_calibrated|3|coverage_p10_p90_pct,87.8455790784558
3,lightgbm_quantile_calibrated|3|n,4015.0
3,lightgbm_quantile_calibrated|4|pinball_mean,224.0992268009336
3,lightgbm_quantile_calibrated|4|coverage_p10_p90_pct,87.0983810709838
3,lightgbm_quantile_calibrated|4|n,4015.0
3,lightgbm_quantile_calibrated|1|applied_pct,100.0
3,lightgbm_quantile_calibrated|2|applied_pct,100.0
3,lightgbm_quantile_calibrated|3|applied_pct,100.0
3,lightgbm_quantile_calibrated|4|applied_pct,100.0
4,naive|1|pinball_mean,74.65716208405361
4,naive|1|coverage_p10_p90_pct,87.89761431411532
4,naive|1|n,4024.0
4,naive|2|pinball_mean,99.2198762630483
4,naive|2|coverage_p10_p90_pct,90.53180914512923
4,naive|2|n,4024.0
4,naive|3|pinball_mean,120.99155153568779
4,naive|3|coverage_p10_p90_pct,91.77435387673957
4,naive|3|n,4024.0
4,naive|4|pinball_mean,166.39115711057465
4,naive|4|coverage_p10_p90_pct,88.99105367793241
4,naive|4|n,4024.0
4,seasonal_naive|1|pinball_mean,136.12818485283591
4,seasonal_naive|1|coverage_p10_p90_pct,82.57952286282307
4,seasonal_naive|1|n,4024.0
4,seasonal_naive|2|pinball_mean,194.0415207275737
4,seasonal_naive|2|coverage_p10_p90_pct,85.06461232604374
4,seasonal_naive|2|n,4024.0
4,seasonal_naive|3|pinball_mean,214.22636744982938
4,seasonal_naive|3|coverage_p10_p90_pct,86.45626242544732
4,seasonal_naive|3|n,4024.0
4,seasonal_naive|4|pinball_mean,255.5799855144851
4,seasonal_naive|4|coverage_p10_p90_pct,86.28230616302187
4,seasonal_naive|4|n,4024.0
4,lightgbm_quantile|1|pinball_mean,73.02695955496081
4,lightgbm_quantile|1|coverage_p10_p90_pct,81.93339960238568
4,lightgbm_quantile|1|n,4024.0
4,lightgbm_quantile|2|pinball_mean,92.4671063422022
4,lightgbm_quantile|2|coverage_p10_p90_pct,83.27534791252485
4,lightgbm_quantile|2|n,4024.0
4,lightgbm_quantile|3|pinball_mean,115.41398541816416
4,lightgbm_quantile|3|coverage_p10_p90_pct,79.7962226640159
4,lightgbm_quantile|3|n,4024.0
4,lightgbm_quantile|4|pinball_mean,170.1052356026312
4,lightgbm_quantile|4|coverage_p10_p90_pct,74.52783300198807
4,lightgbm_quantile|4|n,4024.0
4,lightgbm_quantile_calibrated|1|pinball_mean,73.08437743023275
4,lightgbm_quantile_calibrated|1|coverage_p10_p90_pct,81.13817097415506
4,lightgbm_quantile_calibrated|1|n,4024.0
4,lightgbm_quantile_calibrated|2|pinball_mean,92.84181676503003
4,lightgbm_quantile_calibrated|2|coverage_p10_p90_pct,81.56063618290258
4,lightgbm_quantile_calibrated|2|n,4024.0
4,lightgbm_quantile_calibrated|3|pinball_mean,115.9926850343321
4,lightgbm_quantile_calibrated|3|coverage_p10_p90_pct,79.52286282306163
4,lightgbm_quantile_calibrated|3|n,4024.0
4,lightgbm_quantile_calibrated|4|pinball_mean,170.63126815145043
4,lightgbm_quantile_calibrated|4|coverage_p10_p90_pct,75.86978131212724
4,lightgbm_quantile_calibrated|4|n,4024.0
4,lightgbm_quantile_calibrated|1|applied_pct,100.0
4,lightgbm_quantile_calibrated|2|applied_pct,100.0
4,lightgbm_quantile_calibrated|3|applied_pct,100.0
4,lightgbm_quantile_calibrated|4|applied_pct,100.0
5,naive|1|pinball_mean,102.55139005069105
5,naive|1|coverage_p10_p90_pct,84.3400447427293
5,naive|1|n,4023.0
5,naive|2|pinball_mean,160.92193342466035
5,naive|2|coverage_p10_p90_pct,86.08003977131494
5,naive|2|n,4023.0
5,naive|3|pinball_mean,214.0197853759602
5,naive|3|coverage_p10_p90_pct,86.8041749502982
5,naive|3|n,4024.0
5,naive|4|pinball_mean,246.02882144004647
5,naive|4|coverage_p10_p90_pct,87.20178926441352
5,naive|4|n,4024.0
5,seasonal_naive|1|pinball_mean,142.16566626400882
5,seasonal_naive|1|coverage_p10_p90_pct,83.24633358190405
5,seasonal_naive|1|n,4023.0
5,seasonal_naive|2|pinball_mean,222.74056033714797
5,seasonal_naive|2|coverage_p10_p90_pct,82.60004971414368
5,seasonal_naive|2|n,4023.0
5,seasonal_naive|3|pinball_mean,293.90440824162215
5,seasonal_naive|3|coverage_p10_p90_pct,83.59840954274354
5,seasonal_naive|3|n,4024.0
5,seasonal_naive|4|pinball_mean,338.2795899666918
5,seasonal_naive|4|coverage_p10_p90_pct,81.56063618290258
5,seasonal_naive|4|n,4024.0
5,lightgbm_quantile|1|pinball_mean,110.25745484065628
5,lightgbm_quantile|1|coverage_p10_p90_pct,78.94606015411385
5,lightgbm_quantile|1|n,4023.0
5,lightgbm_quantile|2|pinball_mean,189.6739796203569
5,lightgbm_quantile|2|coverage_p10_p90_pct,76.88292319164802
5,lightgbm_quantile|2|n,4023.0
5,lightgbm_quantile|3|pinball_mean,240.36957617863655
5,lightgbm_quantile|3|coverage_p10_p90_pct,75.57157057654076
5,lightgbm_quantile|3|n,4024.0
5,lightgbm_quantile|4|pinball_mean,273.41739891436276
5,lightgbm_quantile|4|coverage_p10_p90_pct,73.01192842942345
5,lightgbm_quantile|4|n,4024.0
5,lightgbm_quantile_calibrated|1|pinball_mean,111.28540568900314
5,lightgbm_quantile_calibrated|1|coverage_p10_p90_pct,73.65150385284613
5,lightgbm_quantile_calibrated|1|n,4023.0
5,lightgbm_quantile_calibrated|2|pinball_mean,192.31372747624582
5,lightgbm_quantile_calibrated|2|coverage_p10_p90_pct,69.67437235893613
5,lightgbm_quantile_calibrated|2|n,4023.0
5,lightgbm_quantile_calibrated|3|pinball_mean,245.10624912669843
5,lightgbm_quantile_calibrated|3|coverage_p10_p90_pct,71.09840954274354
5,lightgbm_quantile_calibrated|3|n,4024.0
5,lightgbm_quantile_calibrated|4|pinball_mean,276.7311098044532
5,lightgbm_quantile_calibrated|4|coverage_p10_p90_pct,72.63916500994036
5,lightgbm_quantile_calibrated|4|n,4024.0
5,lightgbm_quantile_calibrated|1|applied_pct,100.0
5,lightgbm_quantile_calibrated|2|applied_pct,100.0
5,lightgbm_quantile_calibrated|3|applied_pct,100.0
5,lightgbm_quantile_calibrated|4|applied_pct,100.0
6,naive|1|pinball_mean,82.05849409595498
6,naive|1|coverage_p10_p90_pct,86.72147483806677
6,naive|1|n,4014.0
6,naive|2|pinball_mean,107.65118597119579
6,naive|2|coverage_p10_p90_pct,90.45839561534629
6,naive|2|n,4014.0
6,naive|3|pinball_mean,127.33326052224054
6,naive|3|coverage_p10_p90_pct,93.34993773349937
6,naive|3|n,4015.0
6,naive|4|pinball_mean,144.29245981449256
6,naive|4|coverage_p10_p90_pct,93.30012453300125
6,naive|4|n,4015.0
6,seasonal_naive|1|pinball_mean,151.35669855873414
6,seasonal_naive|1|coverage_p10_p90_pct,86.04882909815646
6,seasonal_naive|1|n,4014.0
6,seasonal_naive|2|pinball_mean,231.24795881029885
6,seasonal_naive|2|coverage_p10_p90_pct,87.07025411061285
6,seasonal_naive|2|n,4014.0
6,seasonal_naive|3|pinball_mean,288.87129942665905
6,seasonal_naive|3|coverage_p10_p90_pct,86.42590286425903
6,seasonal_naive|3|n,4015.0
6,seasonal_naive|4|pinball_mean,319.42594908619657
6,seasonal_naive|4|coverage_p10_p90_pct,85.80323785803238
6,seasonal_naive|4|n,4015.0
6,lightgbm_quantile|1|pinball_mean,83.96270459983371
6,lightgbm_quantile|1|coverage_p10_p90_pct,83.78176382660688
6,lightgbm_quantile|1|n,4014.0
6,lightgbm_quantile|2|pinball_mean,110.71417693031901
6,lightgbm_quantile|2|coverage_p10_p90_pct,86.6965620328849
6,lightgbm_quantile|2|n,4014.0
6,lightgbm_quantile|3|pinball_mean,124.4602757891766
6,lightgbm_quantile|3|coverage_p10_p90_pct,88.11955168119552
6,lightgbm_quantile|3|n,4015.0
6,lightgbm_quantile|4|pinball_mean,133.26989997924895
6,lightgbm_quantile|4|coverage_p10_p90_pct,90.33623910336239
6,lightgbm_quantile|4|n,4015.0
6,lightgbm_quantile_calibrated|1|pinball_mean,84.78967841502424
6,lightgbm_quantile_calibrated|1|coverage_p10_p90_pct,87.26955655206777
6,lightgbm_quantile_calibrated|1|n,4014.0
6,lightgbm_quantile_calibrated|2|pinball_mean,112.76109749940075
6,lightgbm_quantile_calibrated|2|coverage_p10_p90_pct,90.40857000498256
6,lightgbm_quantile_calibrated|2|n,4014.0
6,lightgbm_quantile_calibrated|3|pinball_mean,128.4460889459169
6,lightgbm_quantile_calibrated|3|coverage_p10_p90_pct,92.2291407222914
6,lightgbm_quantile_calibrated|3|n,4015.0
6,lightgbm_quantile_calibrated|4|pinball_mean,138.80162217011804
6,lightgbm_quantile_calibrated|4|coverage_p10_p90_pct,92.72727272727272
6,lightgbm_quantile_calibrated|4|n,4015.0
6,lightgbm_quantile_calibrated|1|applied_pct,100.0
6,lightgbm_quantile_calibrated|2|applied_pct,100.0
6,lightgbm_quantile_calibrated|3|applied_pct,100.0
6,lightgbm_quantile_calibrated|4|applied_pct,100.0
7,naive|1|pinball_mean,90.37488051000497
7,naive|1|coverage_p10_p90_pct,85.15392254220457
7,naive|1|n,4028.0
7,naive|2|pinball_mean,114.79154014845757
7,naive|2|coverage_p10_p90_pct,87.1712158808933
7,naive|2|n,4030.0
7,naive|3|pinball_mean,129.77961033991298
7,naive|3|coverage_p10_p90_pct,89.62779156327544
7,naive|3|n,4030.0
7,naive|4|pinball_mean,141.9445363575172
7,naive|4|coverage_p10_p90_pct,90.32258064516128
7,naive|4|n,4030.0
7,seasonal_naive|1|pinball_mean,153.32829910581407
7,seasonal_naive|1|coverage_p10_p90_pct,81.20655412115194
7,seasonal_naive|1|n,4028.0
7,seasonal_naive|2|pinball_mean,228.0325569838295
7,seasonal_naive|2|coverage_p10_p90_pct,77.81637717121588
7,seasonal_naive|2|n,4030.0
7,seasonal_naive|3|pinball_mean,301.05046586161393
7,seasonal_naive|3|coverage_p10_p90_pct,74.24317617866005
7,seasonal_naive|3|n,4030.0
7,seasonal_naive|4|pinball_mean,359.36466927329207
7,seasonal_naive|4|coverage_p10_p90_pct,72.60545905707197
7,seasonal_naive|4|n,4030.0
7,lightgbm_quantile|1|pinball_mean,98.22119233075382
7,lightgbm_quantile|1|coverage_p10_p90_pct,72.96425024826216
7,lightgbm_quantile|1|n,4028.0
7,lightgbm_quantile|2|pinball_mean,123.488510919998
7,lightgbm_quantile|2|coverage_p10_p90_pct,72.0347394540943
7,lightgbm_quantile|2|n,4030.0
7,lightgbm_quantile|3|pinball_mean,131.31069706875346
7,lightgbm_quantile|3|coverage_p10_p90_pct,71.21588089330024
7,lightgbm_quantile|3|n,4030.0
7,lightgbm_quantile|4|pinball_mean,138.52838743624116
7,lightgbm_quantile|4|coverage_p10_p90_pct,68.53598014888338
7,lightgbm_quantile|4|n,4030.0
7,lightgbm_quantile_calibrated|1|pinball_mean,97.61162703482604
7,lightgbm_quantile_calibrated|1|coverage_p10_p90_pct,77.33366434955313
7,lightgbm_quantile_calibrated|1|n,4028.0
7,lightgbm_quantile_calibrated|2|pinball_mean,123.28607906786301
7,lightgbm_quantile_calibrated|2|coverage_p10_p90_pct,76.62531017369727
7,lightgbm_quantile_calibrated|2|n,4030.0
7,lightgbm_quantile_calibrated|3|pinball_mean,133.14400335080137
7,lightgbm_quantile_calibrated|3|coverage_p10_p90_pct,72.33250620347394
7,lightgbm_quantile_calibrated|3|n,4030.0
7,lightgbm_quantile_calibrated|4|pinball_mean,139.0934057023718
7,lightgbm_quantile_calibrated|4|coverage_p10_p90_pct,75.3349875930521
7,lightgbm_quantile_calibrated|4|n,4030.0
7,lightgbm_quantile_calibrated|1|applied_pct,100.0
7,lightgbm_quantile_calibrated|2|applied_pct,100.0
7,lightgbm_quantile_calibrated|3|applied_pct,100.0
7,lightgbm_quantile_calibrated|4|applied_pct,100.0
8,naive|1|pinball_mean,138.0414339037602
8,naive|1|coverage_p10_p90_pct,76.84630738522954
8,naive|1|n,4008.0
8,naive|2|pinball_mean,203.42328038004248
8,naive|2|coverage_p10_p90_pct,72.97904191616766
8,naive|2|n,4008.0
8,naive|3|pinball_mean,244.52113329202373
8,naive|3|coverage_p10_p90_pct,70.30938123752495
8,naive|3|n,4008.0
8,naive|4|pinball_mean,264.3202232527121
8,naive|4|coverage_p10_p90_pct,70.78343313373253
8,naive|4|n,4008.0
8,seasonal_naive|1|pinball_mean,170.12149074094145
8,seasonal_naive|1|coverage_p10_p90_pct,79.36626746506987
8,seasonal_naive|1|n,4008.0
8,seasonal_naive|2|pinball_mean,233.3892548456802
8,seasonal_naive|2|coverage_p10_p90_pct,77.56986027944112
8,seasonal_naive|2|n,4008.0
8,seasonal_naive|3|pinball_mean,279.9839838093105
8,seasonal_naive|3|coverage_p10_p90_pct,76.09780439121757
8,seasonal_naive|3|n,4008.0
8,seasonal_naive|4|pinball_mean,305.9689559656989
8,seasonal_naive|4|coverage_p10_p90_pct,73.02894211576846
8,seasonal_naive|4|n,4008.0
8,lightgbm_quantile|1|pinball_mean,133.45679404039683
8,lightgbm_quantile|1|coverage_p10_p90_pct,78.11876247504989
8,lightgbm_quantile|1|n,4008.0
8,lightgbm_quantile|2|pinball_mean,177.36930901075573
8,lightgbm_quantile|2|coverage_p10_p90_pct,74.82534930139721
8,lightgbm_quantile|2|n,4008.0
8,lightgbm_quantile|3|pinball_mean,196.69006251840344
8,lightgbm_quantile|3|coverage_p10_p90_pct,75.0
8,lightgbm_quantile|3|n,4008.0
8,lightgbm_quantile|4|pinball_mean,207.21832792553127
8,lightgbm_quantile|4|coverage_p10_p90_pct,73.10379241516966
8,lightgbm_quantile|4|n,4008.0
8,lightgbm_quantile_calibrated|1|pinball_mean,134.2309694506302
8,lightgbm_quantile_calibrated|1|coverage_p10_p90_pct,79.86526946107784
8,lightgbm_quantile_calibrated|1|n,4008.0
8,lightgbm_quantile_calibrated|2|pinball_mean,179.1938457222127
8,lightgbm_quantile_calibrated|2|coverage_p10_p90_pct,76.84630738522954
8,lightgbm_quantile_calibrated|2|n,4008.0
8,lightgbm_quantile_calibrated|3|pinball_mean,200.1260034875764
8,lightgbm_quantile_calibrated|3|coverage_p10_p90_pct,76.72155688622755
8,lightgbm_quantile_calibrated|3|n,4008.0
8,lightgbm_quantile_calibrated|4|pinball_mean,211.70803147294103
8,lightgbm_quantile_calibrated|4|coverage_p10_p90_pct,75.59880239520959
8,lightgbm_quantile_calibrated|4|n,4008.0
8,lightgbm_quantile_calibrated|1|applied_pct,100.0
8,lightgbm_quantile_calibrated|2|applied_pct,100.0
8,lightgbm_quantile_calibrated|3|applied_pct,100.0
8,lightgbm_quantile_calibrated|4|applied_pct,100.0
