model_name,horizon,n,coverage_pct,below_p10_pct,above_p90_pct,p50_mape_pct,p50_median_bias_pct,method,seed
lightgbm_quantile,1,4026,81.0481867858917,9.339294585196225,9.612518628912072,13.650556796664034,-0.6633601053529392,before,1
lightgbm_quantile,2,4026,77.4962742175857,12.493790362642821,10.009935419771486,16.855472940307187,-1.5427906659482182,before,1
lightgbm_quantile,3,4026,72.52856433184301,13.43765524093393,14.03378042722305,19.132141351397276,-2.135464757216038,before,1
lightgbm_quantile,4,4026,68.87729756582216,16.219572776949825,14.903129657228018,20.735669791003968,-1.2605559579656422,before,1
naive,1,4026,82.93591654247392,6.756085444610036,10.307998012916046,15.054678585429027,2.6906370656371137,before,1
naive,2,4026,85.74267262791852,5.837059115747641,8.42026825633383,20.36304183685544,4.4303797468354,before,1
naive,3,4026,87.48137108792847,5.09190263288624,7.426726279185296,24.94468922410786,5.937893845244857,before,1
naive,4,4026,86.63686040735222,5.09190263288624,8.271236959761548,27.611248496495683,7.64420460413211,before,1
seasonal_naive,1,4026,87.68007948335817,5.936413313462493,6.383507203179334,18.553158459359025,-0.5044248275951901,before,1
seasonal_naive,2,4026,90.08941877794337,4.992548435171386,4.918032786885246,22.934946224466714,-0.8642098945810583,before,1
seasonal_naive,3,4026,90.5116741182315,5.042225534028813,4.446100347739692,25.90680437514029,-2.2003255125357555,before,1
seasonal_naive,4,4026,91.95230998509687,4.719324391455539,3.3283656234475907,26.66296876401572,-3.3725260916325492,before,1
lightgbm_quantile,1,4026,82.01689021361153,9.140586189766518,8.842523596621957,13.650556796664034,-0.6633601053529392,track_record,1
lightgbm_quantile,2,4026,78.6388474913065,11.525086934923001,9.836065573770492,16.855472940307187,-1.5427906659482182,track_record,1
lightgbm_quantile,3,4026,74.31693989071039,11.1525086934923,14.53055141579732,19.132141351397276,-2.135464757216038,track_record,1
lightgbm_quantile,4,4026,71.98211624441133,13.214108296075509,14.803775459513163,20.735669791003968,-1.2605559579656422,track_record,1
naive,1,4026,81.74366616989568,6.905116741182315,11.351217088922008,15.054678585429027,2.6906370656371137,track_record,1
naive,2,4026,84.0288127173373,5.3899652260307995,10.581222056631892,20.36304183685544,4.4303797468354,track_record,1
naive,3,4026,84.0288127173373,4.669647292598112,11.30153999006458,24.94468922410786,5.937893845244857,track_record,1
naive,4,4026,81.39592647789368,4.942871336313959,13.661202185792352,27.611248496495683,7.64420460413211,track_record,1
seasonal_naive,1,4026,87.03427719821163,6.607054148037754,6.358668653750621,18.553158459359025,-0.5044248275951901,track_record,1
seasonal_naive,2,4026,89.71684053651266,5.563835072031793,4.719324391455539,22.934946224466714,-0.8642098945810583,track_record,1
seasonal_naive,3,4026,88.79781420765028,6.656731246895181,4.545454545454546,25.90680437514029,-2.2003255125357555,track_record,1
seasonal_naive,4,4026,86.41331346249379,8.370591157476404,5.216095380029806,26.66296876401572,-3.3725260916325492,track_record,1
lightgbm_quantile,1,4026,83.28365623447591,8.743169398907105,7.973174366616989,13.650556796664034,-0.6633601053529392,aci,1
lightgbm_quantile,2,4026,80.10432190760059,11.475409836065573,8.42026825633383,16.855472940307187,-1.5427906659482182,aci,1
lightgbm_quantile,3,4026,76.85047193243915,10.92896174863388,12.220566318926975,19.132141351397276,-2.135464757216038,aci,1
lightgbm_quantile,4,4026,75.98112270243418,13.214108296075509,10.804769001490314,20.735669791003968,-1.2605559579656422,aci,1
naive,1,4026,83.40784898161947,5.61351217088922,10.978638847491307,15.054678585429027,2.6906370656371137,aci,1
naive,2,4026,85.46944858420268,5.141579731743666,9.38897168405365,20.36304183685544,4.4303797468354,aci,1
naive,3,4026,86.04073522106309,4.346746150024838,9.612518628912072,24.94468922410786,5.937893845244857,aci,1
naive,4,4026,82.38946845504222,4.893194237456532,12.717337307501243,27.611248496495683,7.64420460413211,aci,1
seasonal_naive,1,4026,86.88524590163934,7.103825136612022,6.0109289617486334,18.553158459359025,-0.5044248275951901,aci,1
seasonal_naive,2,4026,88.54942871336314,6.607054148037754,4.843517138599106,22.934946224466714,-0.8642098945810583,aci,1
seasonal_naive,3,4026,87.20814704421261,8.618976651763537,4.172876304023846,25.90680437514029,-2.2003255125357555,aci,1
seasonal_naive,4,4026,86.36363636363636,9.612518628912072,4.023845007451564,26.66296876401572,-3.3725260916325492,aci,1
lightgbm_quantile,1,4026,76.17983109786388,11.723795330352708,12.096373571783408,14.412188781524316,2.916620283008653,before,2
lightgbm_quantile,2,4026,70.74018877297566,13.537009438648784,15.722801788375559,21.678730251785094,6.125016220277346,before,2
lightgbm_quantile,3,4026,66.49279682066567,15.37506209637357,18.132141082960754,29.784497214085302,10.479486800734794,before,2
lightgbm_quantile,4,4026,62.14605067064084,17.908594138102334,19.94535519125683,35.80002179561325,14.153631004672462,before,2
naive,1,4026,87.87878787878788,5.365126676602086,6.756085444610036,14.767788941676097,1.7602514615266296,before,2
naive,2,4026,87.65524093392946,3.8499751614505717,8.49478390461997,22.632076446417763,4.850795844675337,before,2
naive,3,4026,84.99751614505713,3.2041728763040243,11.798310978638847,30.806967533634754,10.384580027437151,before,2
naive,4,4026,81.5946348733234,2.8564331843020367,15.548931942374566,41.03564438541627,16.748096342055486,before,2
seasonal_naive,1,4026,86.83556880278192,6.085444610034774,7.078986587183309,22.323414930230935,0.11487275428780919,before,2
seasonal_naive,2,4026,87.97814207650273,4.992548435171386,7.0293094883258815,32.328616282878095,2.0997151003058545,before,2
seasonal_naive,3,4026,88.94684550422255,3.825136612021858,7.228017883755589,39.389037046112705,6.897500404781209,before,2
seasonal_naive,4,4026,88.32588176850471,3.700943864878291,7.973174366616989,44.87396687933003,11.126123508421415,before,2
lightgbm_quantile,1,4026,79.65722801788375,10.034773969200199,10.307998012916046,14.412188781524316,2.916620283008653,track_record,2
lightgbm_quantile,2,4026,78.0675608544461,8.892200695479383,13.040238450074515,21.678730251785094,6.125016220277346,track_record,2
lightgbm_quantile,3,4026,78.68852459016394,9.562841530054644,11.748633879781421,29.784497214085302,10.479486800734794,track_record,2
lightgbm_quantile,4,4026,77.29756582215599,11.127670144063586,11.574764033780427,35.80002179561325,14.153631004672462,track_record,2
naive,1,4026,85.09687034277198,6.780923994038749,8.12220566318927,14.767788941676097,1.7602514615266296,track_record,2
naive,2,4026,83.18430203676105,6.433184302036761,10.382513661202186,22.632076446417763,4.850795844675337,track_record,2
naive,3,4026,79.06110283159464,6.532538499751614,14.406358668653752,30.806967533634754,10.384580027437151,track_record,2
naive,4,4026,72.6775956284153,7.203179334326876,20.119225037257824,41.03564438541627,16.748096342055486,track_record,2
seasonal_naive,1,4026,85.27074018877298,7.675111773472429,7.0541480377545955,22.323414930230935,0.11487275428780919,track_record,2
seasonal_naive,2,4026,85.81718827620467,6.805762543467461,7.377049180327869,32.328616282878095,2.0997151003058545,track_record,2
seasonal_naive,3,4026,84.69945355191257,6.284153005464481,9.01639344262295,39.389037046112705,6.897500404781209,track_record,2
seasonal_naive,4,4026,85.14654744162941,5.290611028315946,9.562841530054644,44.87396687933003,11.126123508421415,track_record,2
lightgbm_quantile,1,4026,81.9672131147541,10.233482364629905,7.799304520615996,14.412188781524316,2.916620283008653,aci,2
lightgbm_quantile,2,4026,79.5330352707402,8.79284649776453,11.674118231495282,21.678730251785094,6.125016220277346,aci,2
lightgbm_quantile,3,4026,77.6949826130154,10.059612518628912,12.245404868355687,29.784497214085302,10.479486800734794,aci,2
lightgbm_quantile,4,4026,74.63984103328366,12.866368604073521,12.493790362642821,35.80002179561325,14.153631004672462,aci,2
naive,1,4026,82.86140089418778,7.476403378042722,9.662195727769499,14.767788941676097,1.7602514615266296,aci,2
naive,2,4026,82.06656731246895,6.656731246895181,11.276701440635867,22.632076446417763,4.850795844675337,aci,2
naive,3,4026,77.19821162444114,7.004470938897168,15.797317436661698,30.806967533634754,10.384580027437151,aci,2
naive,4,4026,70.71535022354695,6.855439642324888,22.429210134128166,41.03564438541627,16.748096342055486,aci,2
seasonal_naive,1,4026,86.09041231992052,7.377049180327869,6.532538499751614,22.323414930230935,0.11487275428780919,aci,2
seasonal_naive,2,4026,87.50620963735717,5.514157973174367,6.979632389468455,32.328616282878095,2.0997151003058545,aci,2
seasonal_naive,3,4026,85.91654247391952,5.638350720317933,8.445106805762544,39.389037046112705,6.897500404781209,aci,2
seasonal_naive,4,4026,85.91654247391952,5.067064083457526,9.01639344262295,44.87396687933003,11.126123508421415,aci,2
lightgbm_quantile,1,4016,82.12151394422311,12.400398406374503,5.47808764940239,15.368148698413753,-3.8553116800314866,before,3
lightgbm_quantile,2,4015,84.906600249066,12.727272727272727,2.3661270236612704,19.532976357197953,-8.33273372361134,before,3
lightgbm_quantile,3,4015,85.80323785803238,13.275217932752179,0.921544209215442,21.574685013503483,-12.832281128858236,before,3
lightgbm_quantile,4,4015,82.73972602739727,17.160647571606475,0.099626400996264,22.919542947995723,-16.68113861408438,before,3
naive,1,4016,83.2918326693227,9.312749003984063,7.395418326693227,15.397849475493203,-0.6600732201217374,before,3
naive,2,4015,86.07721046077211,8.916562889165629,5.006226650062266,20.47126915608464,-0.347396809434497,before,3
naive,3,4015,86.89912826899129,9.663760896637609,3.4371108343711083,24.190102278321245,-0.2995907519621199,before,3
naive,4,4015,87.12328767123287,9.663760896637609,3.2129514321295143,27.649774770129063,0.38417210910492994,before,3
seasonal_naive,1,4016,78.53585657370517,14.168326693227092,7.2958167330677295,24.479011951852947,-4.788416292954201,before,3
seasonal_naive,2,4015,78.55541718555418,14.570361145703611,6.874221668742217,35.294370003868124,-12.552967841418127,before,3
seasonal_naive,3,4015,76.16438356164383,15.940224159402241,7.895392278953922,42.871711910784384,-17.381189641658455,before,3
seasonal_naive,4,4015,75.19302615193027,16.537982565379824,8.268991282689912,50.00953093382257,-23.848441743178682,before,3
lightgbm_quantile,1,4016,85.03486055776892,11.528884462151394,3.436254980079681,15.368148698413753,-3.8553116800314866,track_record,3
lightgbm_quantile,2,4015,86.07721046077211,12.677459526774596,1.2453300124533,19.532976357197953,-8.33273372361134,track_record,3
lightgbm_quantile,3,4015,87.92029887920299,11.606475716064757,0.4732254047322541,21.574685013503483,-12.832281128858236,track_record,3
lightgbm_quantile,4,4015,87.0983810709838,12.876712328767123,0.024906600249066,22.919542947995723,-16.68113861408438,track_record,3
naive,1,4016,85.28386454183267,8.540836653386453,6.175298804780876,15.397849475493203,-0.6600732201217374,track_record,3
naive,2,4015,89.19053549190535,7.995018679950188,2.8144458281444584,20.47126915608464,-0.347396809434497,track_record,3
naive,3,4015,90.70983810709838,7.995018679950188,1.2951432129514322,24.190102278321245,-0.2995907519621199,track_record,3
naive,4,4015,91.00871731008718,7.347447073474471,1.643835616438356,27.649774770129063,0.38417210910492994,track_record,3
seasonal_naive,1,4016,80.62749003984064,12.350597609561753,7.021912350597609,24.479011951852947,-4.788416292954201,track_record,3
seasonal_naive,2,4015,79.7011207970112,13.225404732254049,7.073474470734745,35.294370003868124,-12.552967841418127,track_record,3
seasonal_naive,3,4015,79.20298879202988,13.02615193026152,7.770859277708593,42.871711910784384,-17.381189641658455,track_record,3
seasonal_naive,4,4015,77.98256537982566,13.34993773349938,8.66749688667497,50.00953093382257,-23.848441743178682,track_record,3
lightgbm_quantile,1,4016,86.82768924302789,11.030876494023904,2.141434262948207,15.368148698413753,-3.8553116800314866,aci,3
lightgbm_quantile,2,4015,88.96637608966375,10.41095890410959,0.62266500622665,19.532976357197953,-8.33273372361134,aci,3
lightgbm_quantile,3,4015,91.00871731008718,8.692403486924034,0.29887920298879206,21.574685013503483,-12.832281128858236,aci,3
lightgbm_quantile,4,4015,89.33997509339974,10.585305105853053,0.07471980074719801,22.919542947995723,-16.68113861408438,aci,3
naive,1,4016,84.7609561752988,7.569721115537849,7.669322709163347,15.397849475493203,-0.6600732201217374,aci,3
naive,2,4015,88.59277708592778,7.073474470734745,4.333748443337485,20.47126915608464,-0.347396809434497,aci,3
naive,3,4015,90.08717310087174,7.22291407222914,2.6899128268991284,24.190102278321245,-0.2995907519621199,aci,3
naive,4,4015,90.83437110834372,6.102117061021171,3.063511830635118,27.649774770129063,0.38417210910492994,aci,3
seasonal_naive,1,4016,82.29581673306772,10.433266932270916,7.270916334661355,24.479011951852947,-4.788416292954201,aci,3
seasonal_naive,2,4015,81.59402241594023,11.45703611457036,6.948941469489414,35.294370003868124,-12.552967841418127,aci,3
seasonal_naive,3,4015,80.64757160647572,11.70610211706102,7.646326276463262,42.871711910784384,-17.381189641658455,aci,3
seasonal_naive,4,4015,81.79327521793275,10.186799501867995,8.019925280199253,50.00953093382257,-23.848441743178682,aci,3
lightgbm_quantile,1,4024,81.93339960238568,7.181908548707754,10.884691848906561,12.330230067675258,-0.8388856909275877,before,4
lightgbm_quantile,2,4024,83.27534791252485,6.958250497017893,9.766401590457257,14.361823503185004,-2.668931112474432,before,4
lightgbm_quantile,3,4024,79.7962226640159,8.12624254473161,12.077534791252486,16.44195265806473,-5.477783581377238,before,4
lightgbm_quantile,4,4024,74.52783300198807,7.703777335984095,17.768389662027833,22.71871058986516,-7.317129604131117,before,4
naive,1,4024,87.89761431411532,4.6222664015904575,7.480119284294235,13.499259640860572,2.9721373624351566,before,4
naive,2,4024,90.53180914512923,3.4045725646123257,6.063618290258449,18.18273459758295,6.41186299081038,before,4
naive,3,4024,91.77435387673957,1.6401590457256463,6.585487077534791,22.233764200793473,11.028441339870698,before,4
naive,4,4024,88.99105367793241,0.9443339960238568,10.064612326043736,29.17789779118756,14.3367016006398,before,4
seasonal_naive,1,4024,82.57952286282307,9.791252485089464,7.629224652087475,21.61249254667115,1.7066963744945318,before,4
seasonal_naive,2,4024,85.06461232604374,8.573558648111332,6.36182902584493,29.117845332721863,3.2042500226435955,before,4
seasonal_naive,3,4024,86.45626242544732,7.405566600397615,6.138170974155069,32.3777214617091,3.9770711314083496,before,4
seasonal_naive,4,4024,86.28230616302187,6.237574552683896,7.480119284294235,39.365906671906636,5.036225166726604,before,4
lightgbm_quantile,1,4024,81.11332007952286,7.703777335984095,11.182902584493041,12.330230067675258,-0.8388856909275877,track_record,4
lightgbm_quantile,2,4024,81.53578528827038,7.28131212723658,11.182902584493041,14.361823503185004,-2.668931112474432,track_record,4
lightgbm_quantile,3,4024,79.57256461232605,7.678926441351888,12.748508946322069,16.44195265806473,-5.477783581377238,track_record,4
lightgbm_quantile,4,4024,75.91948310139165,5.914512922465208,18.16600397614314,22.71871058986516,-7.317129604131117,track_record,4
naive,1,4024,83.00198807157058,5.442345924453281,11.555666003976144,13.499259640860572,2.9721373624351566,track_record,4
naive,2,4024,85.13916500994036,3.752485089463221,11.108349900596421,18.18273459758295,6.41186299081038,track_record,4
naive,3,4024,86.13320079522863,1.7892644135188867,12.077534791252486,22.233764200793473,11.028441339870698,track_record,4
naive,4,4024,82.52982107355865,0.8200795228628232,16.650099403578526,29.17789779118756,14.3367016006398,track_record,4
seasonal_naive,1,4024,76.73956262425448,11.80417495029821,11.456262425447317,21.61249254667115,1.7066963744945318,track_record,4
seasonal_naive,2,4024,76.06858846918489,12.201789264413518,11.72962226640159,29.117845332721863,3.2042500226435955,track_record,4
seasonal_naive,3,4024,75.82007952286283,11.754473161033797,12.42544731610338,32.3777214617091,3.9770711314083496,track_record,4
seasonal_naive,4,4024,76.441351888668,11.008946322067596,12.549701789264414,39.365906671906636,5.036225166726604,track_record,4
lightgbm_quantile,1,4024,79.47316103379721,7.107355864811134,13.419483101391648,12.330230067675258,-0.8388856909275877,aci,4
lightgbm_quantile,2,4024,78.90159045725646,6.858846918489066,14.239562624254473,14.361823503185004,-2.668931112474432,aci,4
lightgbm_quantile,3,4024,77.01292246520875,7.082504970178927,15.904572564612327,16.44195265806473,-5.477783581377238,aci,4
lightgbm_quantile,4,4024,76.21769383697813,5.864811133200795,17.917495029821072,22.71871058986516,-7.317129604131117,aci,4
naive,1,4024,82.3558648111332,5.29324055666004,12.350894632206758,13.499259640860572,2.9721373624351566,aci,4
naive,2,4024,83.7972166998012,3.60337972166998,12.599403578528829,18.18273459758295,6.41186299081038,aci,4
naive,3,4024,85.46222664015905,1.540755467196819,12.997017892644136,22.233764200793473,11.028441339870698,aci,4
naive,4,4024,81.78429423459245,0.6461232604373758,17.569582504970178,29.17789779118756,14.3367016006398,aci,4
seasonal_naive,1,4024,75.44731610337972,11.953280318091451,12.599403578528829,21.61249254667115,1.7066963744945318,aci,4
seasonal_naive,2,4024,74.77634194831015,12.922465208747516,12.301192842942346,29.117845332721863,3.2042500226435955,aci,4
seasonal_naive,3,4024,74.72664015904571,12.673956262425449,12.599403578528829,32.3777214617091,3.9770711314083496,aci,4
seasonal_naive,4,4024,73.8568588469185,13.792246520874752,12.350894632206758,39.365906671906636,5.036225166726604,aci,4
lightgbm_quantile,1,4023,78.94606015411385,5.940840169028089,15.113099676858067,16.12437868285106,-2.869912645082018,before,5
lightgbm_quantile,2,4023,76.88292319164802,4.2754163559532685,18.841660452398706,23.894641084776282,-3.7008737900466215,before,5
lightgbm_quantile,3,4024,75.57157057654076,3.876739562624255,20.55168986083499,28.69351702490386,-6.797737885896965,before,5
lightgbm_quantile,4,4024,73.01192842942345,3.1312127236580514,23.856858846918488,33.03876221930388,-9.916776229875918,before,5
naive,1,4023,84.3400447427293,3.8279890628883915,11.831966194382302,16.95106621947906,3.846153846153877,before,5
naive,2,4023,86.08003977131494,1.963708675118071,11.95625155356699,25.359065062978292,6.994459833794897,before,5
naive,3,4024,86.8041749502982,1.1182902584493042,12.077534791252486,33.38563699689284,9.465791940018754,before,5
naive,4,4024,87.20178926441352,0.8697813121272366,11.928429423459244,39.40170980176742,12.138168729630339,before,5
seasonal_naive,1,4023,83.24633358190405,6.611981108625405,10.141685309470544,25.40138335147018,3.149528067561036,before,5
seasonal_naive,2,4023,82.60004971414368,5.692269450658713,11.707680835197614,39.86517767829111,4.400708408579246,before,5
seasonal_naive,3,4024,83.59840954274354,4.845924453280318,11.555666003976144,52.45301339965156,4.104436370732111,before,5
seasonal_naive,4,4024,81.56063618290258,4.995029821073558,13.444333996023857,62.76541860280606,5.544509555219257,before,5
lightgbm_quantile,1,4023,73.75093214019388,6.611981108625405,19.63708675118071,16.12437868285106,-2.869912645082018,track_record,5
lightgbm_quantile,2,4023,69.79865771812081,5.045985582898335,25.155356698980857,23.894641084776282,-3.7008737900466215,track_record,5
lightgbm_quantile,3,4024,71.19781312127238,3.7773359840954273,25.024850894632205,28.69351702490386,-6.797737885896965,track_record,5
lightgbm_quantile,4,4024,72.7882703777336,1.341948310139165,25.869781312127238,33.03876221930388,-9.916776229875918,track_record,5
naive,1,4023,81.82948048719861,3.9771314939100173,14.193388018891376,16.95106621947906,3.846153846153877,track_record,5
naive,2,4023,80.86005468555804,2.80884911757395,16.331096196868007,25.359065062978292,6.994459833794897,track_record,5
naive,3,4024,79.47316103379721,2.0874751491053676,18.439363817097416,33.38563699689284,9.465791940018754,track_record,5
naive,4,4024,78.52882703777337,0.8200795228628232,20.65109343936382,39.40170980176742,12.138168729630339,track_record,5
seasonal_naive,1,4023,76.51006711409396,9.097688292319164,14.392244593586875,25.40138335147018,3.149528067561036,track_record,5
seasonal_naive,2,4023,73.42779020631369,9.14740243599304,17.424807357693265,39.86517767829111,4.400708408579246,track_record,5
seasonal_naive,3,4024,71.52087475149106,8.573558648111332,19.905566600397613,52.45301339965156,4.104436370732111,track_record,5
seasonal_naive,4,4024,72.39065606361828,7.306163021868787,20.30318091451292,62.76541860280606,5.544509555219257,track_record,5
lightgbm_quantile,1,4023,72.45836440467312,7.4322644792443455,20.109371116082524,16.12437868285106,-2.869912645082018,aci,5
lightgbm_quantile,2,4023,72.6323639075317,5.3194133731046485,22.048222719363658,23.894641084776282,-3.7008737900466215,aci,5
lightgbm_quantile,3,4024,73.65805168986084,3.006958250497018,23.334990059642145,28.69351702490386,-6.797737885896965,aci,5
lightgbm_quantile,4,4024,79.17495029821073,0.5467196819085487,20.278330019880716,33.03876221930388,-9.916776229875918,aci,5
naive,1,4023,81.0340541884166,4.4494158588118315,14.516529952771565,16.95106621947906,3.846153846153877,aci,5
naive,2,4023,80.78548347004723,3.405418841660452,15.80909768829232,25.359065062978292,6.994459833794897,aci,5
naive,3,4024,79.69681908548708,1.7644135188866799,18.538767395626245,33.38563699689284,9.465791940018754,aci,5
naive,4,4024,75.22365805168985,0.9940357852882704,23.782306163021868,39.40170980176742,12.138168729630339,aci,5
seasonal_naive,1,4023,76.83320904797415,8.401690280884912,14.76510067114094,25.40138335147018,3.149528067561036,aci,5
seasonal_naive,2,4023,75.91349739000745,7.979120059656973,16.10738255033557,39.86517767829111,4.400708408579246,aci,5
seasonal_naive,3,4024,75.6958250497018,6.4860834990059635,17.818091451292247,52.45301339965156,4.104436370732111,aci,5
seasonal_naive,4,4024,74.87574552683897,7.032803180914512,18.09145129224652,62.76541860280606,5.544509555219257,aci,5
lightgbm_quantile,1,4014,83.78176382660688,6.253114100647733,9.965122072745391,13.348291011351504,0.9290330746278053,before,6
lightgbm_quantile,2,4014,86.6965620328849,5.705032386646736,7.598405580468361,16.314836696096986,1.1852434510468024,before,6
lightgbm_quantile,3,4015,88.11955168119552,5.080946450809465,6.799501867995018,17.03888670014023,1.26341413889961,before,6
lightgbm_quantile,4,4015,90.33623910336239,3.23785803237858,6.425902864259029,17.7355961713388,1.0096893386632333,before,6
naive,1,4014,86.72147483806677,4.309915296462382,8.968609865470851,13.650535768026428,2.0000000000000018,before,6
naive,2,4014,90.45839561534629,2.0677628300946687,7.473841554559043,18.211851493143307,4.792391653589101,before,6
naive,3,4015,93.34993773349937,0.6475716064757161,6.002490660024907,21.672953795024856,8.186795491143162,before,6
naive,4,4015,93.30012453300125,0.523038605230386,6.176836861768368,25.258801206883746,12.378703210035003,before,6
seasonal_naive,1,4014,86.04882909815646,8.794220229197808,5.15695067264574,20.55859024574463,0.26650928177270883,before,6
seasonal_naive,2,4014,87.07025411061285,8.594917787742899,4.334828101644246,27.991480502237557,0.35811938298042634,before,6
seasonal_naive,3,4015,86.42590286425903,8.418430884184309,5.155666251556663,34.61036772697006,0.8541676317937563,before,6
seasonal_naive,4,4015,85.80323785803238,8.144458281444583,6.052303860523039,37.920192443489285,0.6983504638529592,before,6
lightgbm_quantile,1,4014,87.29446935724962,4.135525660189337,8.570004982561036,13.348291011351504,0.9290330746278053,track_record,6
lightgbm_quantile,2,4014,90.35874439461884,2.4912805181863478,7.149975087194818,16.314836696096986,1.1852434510468024,track_record,6
lightgbm_quantile,3,4015,92.25404732254047,0.821917808219178,6.924034869240349,17.03888670014023,1.26341413889961,track_record,6
lightgbm_quantile,4,4015,92.70236612702367,0.398505603985056,6.899128268991282,17.7355961713388,1.0096893386632333,track_record,6
naive,1,4014,89.73592426507224,2.914798206278027,7.349277528649726,13.650535768026428,2.0000000000000018,track_record,6
naive,2,4014,93.49775784753363,0.32386646736422525,6.178375685102142,18.211851493143307,4.792391653589101,track_record,6
naive,3,4015,93.79825653798257,0.049813200498132,6.151930261519302,21.672953795024856,8.186795491143162,track_record,6
naive,4,4015,91.70610211706102,0.049813200498132,8.244084682440848,25.258801206883746,12.378703210035003,track_record,6
seasonal_naive,1,4014,85.87443946188341,8.545092177379173,5.580468360737419,20.55859024574463,0.26650928177270883,track_record,6
seasonal_naive,2,4014,86.92077727952167,8.121574489287493,4.9576482311908325,27.991480502237557,0.35811938298042634,track_record,6
seasonal_naive,3,4015,85.55417185554171,8.019925280199253,6.425902864259029,34.61036772697006,0.8541676317937563,track_record,6
seasonal_naive,4,4015,84.18430884184309,7.173100871731009,8.642590286425902,37.920192443489285,0.6983504638529592,track_record,6
lightgbm_quantile,1,4014,81.41504733432984,5.281514698555057,13.303437967115098,13.348291011351504,0.9290330746278053,aci,6
lightgbm_quantile,2,4014,83.9063278525162,3.9113104135525663,12.182361733931241,16.314836696096986,1.1852434510468024,aci,6
lightgbm_quantile,3,4015,87.3225404732254,0.7222914072229141,11.955168119551681,17.03888670014023,1.26341413889961,aci,6
lightgbm_quantile,4,4015,87.72104607721046,0.34869240348692404,11.930261519302615,17.7355961713388,1.0096893386632333,aci,6
naive,1,4014,89.91031390134529,2.9397110114598903,7.149975087194818,13.650535768026428,2.0000000000000018,aci,6
naive,2,4014,93.87144992526159,0.27404085700049824,5.854509217737918,18.211851493143307,4.792391653589101,aci,6
naive,3,4015,93.89788293897882,0.049813200498132,6.052303860523039,21.672953795024856,8.186795491143162,aci,6
naive,4,4015,92.82689912826899,0.0,7.173100871731009,25.258801206883746,12.378703210035003,aci,6
seasonal_naive,1,4014,86.59691081215745,8.794220229197808,4.608868958644743,20.55859024574463,0.26650928177270883,aci,6
seasonal_naive,2,4014,88.31589436970603,7.997010463378176,3.687095166915795,27.991480502237557,0.35811938298042634,aci,6
seasonal_naive,3,4015,89.68866749688668,7.5217932752179335,2.7895392278953923,34.61036772697006,0.8541676317937563,aci,6
seasonal_naive,4,4015,89.26525529265255,6.625155666251557,4.10958904109589,37.920192443489285,0.6983504638529592,aci,6
lightgbm_quantile,1,4028,72.96425024826216,14.299900695134063,12.735849056603774,14.84263670043603,4.201679077045206,before,7
lightgbm_quantile,2,4030,72.0347394540943,15.459057071960297,12.50620347394541,19.17601461900206,5.010310136715335,before,7
lightgbm_quantile,3,4030,71.21588089330024,15.8560794044665,12.928039702233251,18.882756448166656,2.6635390199388653,before,7
lightgbm_quantile,4,4030,68.53598014888338,18.13895781637717,13.325062034739455,19.554283459303484,2.556758286050609,before,7
naive,1,4028,85.15392254220457,7.323733862959285,7.522343594836147,13.223028883036136,0.37664917009506693,before,7
naive,2,4030,87.1712158808933,6.253101736972705,6.575682382133994,16.801561346614758,0.4994974033661226,before,7
naive,3,4030,89.62779156327544,4.913151364764268,5.459057071960298,18.83035057660232,0.6927299144793508,before,7
naive,4,4030,90.32258064516128,4.689826302729529,4.987593052109181,20.245666294538616,0.24980258967218782,before,7
seasonal_naive,1,4028,81.20655412115194,13.00893743793446,5.784508440913605,20.03223506311658,-4.037792693826914,before,7
seasonal_naive,2,4030,77.81637717121588,16.30272952853598,5.880893300248139,27.412167170200913,-7.7669948098815,before,7
seasonal_naive,3,4030,74.24317617866005,18.660049627791565,7.096774193548387,33.77331768684629,-10.247450122258217,before,7
seasonal_naive,4,4030,72.60545905707197,20.44665012406948,6.9478908188585615,37.35449725201861,-11.911645014888233,before,7
lightgbm_quantile,1,4028,77.40814299900694,13.157894736842104,9.433962264150944,14.84263670043603,4.201679077045206,track_record,7
lightgbm_quantile,2,4030,76.62531017369727,14.739454094292803,8.635235732009926,19.17601461900206,5.010310136715335,track_record,7
lightgbm_quantile,3,4030,72.48138957816377,16.94789081885856,10.570719602977666,18.882756448166656,2.6635390199388653,track_record,7
lightgbm_quantile,4,4030,75.23573200992556,16.848635235732008,7.915632754342432,19.554283459303484,2.556758286050609,track_record,7
naive,1,4028,84.3098311817279,7.969215491559087,7.720953326713009,13.223028883036136,0.37664917009506693,track_record,7
naive,2,4030,87.02233250620347,6.9478908188585615,6.029776674937965,16.801561346614758,0.4994974033661226,track_record,7
naive,3,4030,90.57071960297766,4.7890818858560795,4.640198511166253,18.83035057660232,0.6927299144793508,track_record,7
naive,4,4030,90.47146401985111,5.2109181141439205,4.317617866004963,20.245666294538616,0.24980258967218782,track_record,7
seasonal_naive,1,4028,80.1390268123138,13.927507447864945,5.933465739821251,20.03223506311658,-4.037792693826914,track_record,7
seasonal_naive,2,4030,75.5334987593052,18.36228287841191,6.104218362282878,27.412167170200913,-7.7669948098815,track_record,7
seasonal_naive,3,4030,72.15880893300249,20.76923076923077,7.07196029776675,33.77331768684629,-10.247450122258217,track_record,7
seasonal_naive,4,4030,70.66997518610421,23.82133995037221,5.508684863523573,37.35449725201861,-11.911645014888233,track_record,7
lightgbm_quantile,1,4028,79.27010923535254,10.8987090367428,9.831181727904667,14.84263670043603,4.201679077045206,aci,7
lightgbm_quantile,2,4030,81.712158808933,11.141439205955335,7.1464019851116625,19.17601461900206,5.010310136715335,aci,7
lightgbm_quantile,3,4030,75.78163771712158,13.076923076923078,11.141439205955335,18.882756448166656,2.6635390199388653,aci,7
lightgbm_quantile,4,4030,74.76426799007444,14.739454094292803,10.496277915632755,19.554283459303484,2.556758286050609,aci,7
naive,1,4028,82.6961271102284,7.696127110228401,9.607745779543198,13.223028883036136,0.37664917009506693,aci,7
naive,2,4030,85.95533498759306,6.277915632754342,7.766749379652606,16.801561346614758,0.4994974033661226,aci,7
naive,3,4030,88.53598014888337,5.062034739454094,6.401985111662531,18.83035057660232,0.6927299144793508,aci,7
naive,4,4030,89.6029776674938,4.863523573200992,5.5334987593052105,20.245666294538616,0.24980258967218782,aci,7
seasonal_naive,1,4028,76.96127110228402,14.746772591857003,8.291956305858987,20.03223506311658,-4.037792693826914,aci,7
seasonal_naive,2,4030,74.41687344913151,16.575682382133994,9.00744416873449,27.412167170200913,-7.7669948098815,aci,7
seasonal_naive,3,4030,72.75434243176178,16.575682382133994,10.669975186104217,33.77331768684629,-10.247450122258217,aci,7
seasonal_naive,4,4030,71.06699751861042,19.305210918114142,9.627791563275434,37.35449725201861,-11.911645014888233,aci,7
lightgbm_quantile,1,4008,78.11876247504989,10.62874251497006,11.25249500998004,14.996641467198083,-0.39254964976739304,before,8
lightgbm_quantile,2,4008,74.82534930139721,11.926147704590818,13.248502994011977,20.10345648916654,-0.6389615050947262,before,8
lightgbm_quantile,3,4008,75.0,11.477045908183632,13.522954091816366,22.262414963651324,-1.0001598756830876,before,8
lightgbm_quantile,4,4008,73.10379241516966,12.17564870259481,14.72055888223553,22.565427701680658,-1.9587799467160327,before,8
naive,1,4008,76.84630738522954,9.106786427145709,14.04690618762475,16.1157971050569,1.4792003512705265,before,8
naive,2,4008,72.97904191616766,9.705588822355288,17.315369261477045,23.38620684385492,2.5481761490491417,before,8
naive,3,4008,70.30938123752495,10.703592814371257,18.987025948103792,28.429605621660375,4.798780246264689,before,8
naive,4,4008,70.78343313373253,10.154690618762476,19.06187624750499,31.43183063107181,5.9812846445779,before,8
seasonal_naive,1,4008,79.36626746506987,11.427145708582835,9.206586826347305,20.322357680481346,-1.0211647637805743,before,8
seasonal_naive,2,4008,77.56986027944112,12.649700598802397,9.780439121756487,26.643046893220667,-1.2479101480742216,before,8
seasonal_naive,3,4008,76.09780439121757,12.84930139720559,11.052894211576847,31.219117956194076,-2.012683314334207,before,8
seasonal_naive,4,4008,73.02894211576846,15.04491017964072,11.926147704590818,33.381868572639156,-2.4147021788260337,before,8
lightgbm_quantile,1,4008,79.86526946107784,8.882235528942116,11.25249500998004,14.996641467198083,-0.39254964976739304,track_record,8
lightgbm_quantile,2,4008,76.84630738522954,9.431137724550897,13.722554890219559,20.10345648916654,-0.6389615050947262,track_record,8
lightgbm_quantile,3,4008,76.67165668662675,7.959081836327345,15.369261477045908,22.262414963651324,-1.0001598756830876,track_record,8
lightgbm_quantile,4,4008,75.57385229540918,8.233532934131736,16.192614770459084,22.565427701680658,-1.9587799467160327,track_record,8
naive,1,4008,79.81536926147704,7.659680638722555,12.5249500998004,16.1157971050569,1.4792003512705265,track_record,8
naive,2,4008,74.45109780439122,8.582834331337326,16.966067864271455,23.38620684385492,2.5481761490491417,track_record,8
naive,3,4008,73.50299401197606,8.657684630738522,17.839321357285428,28.429605621660375,4.798780246264689,track_record,8
naive,4,4008,72.97904191616766,7.0359281437125745,19.985029940119762,31.43183063107181,5.9812846445779,track_record,8
seasonal_naive,1,4008,78.3183632734531,11.751497005988023,9.930139720558882,20.322357680481346,-1.0211647637805743,track_record,8
seasonal_naive,2,4008,77.17065868263472,12.4750499001996,10.354291417165669,26.643046893220667,-1.2479101480742216,track_record,8
seasonal_naive,3,4008,75.42415169660678,13.023952095808383,11.55189620758483,31.219117956194076,-2.012683314334207,track_record,8
seasonal_naive,4,4008,73.52794411177645,14.34630738522954,12.125748502994012,33.381868572639156,-2.4147021788260337,track_record,8
lightgbm_quantile,1,4008,77.76946107784431,9.505988023952096,12.724550898203594,14.996641467198083,-0.39254964976739304,aci,8
lightgbm_quantile,2,4008,74.57584830339322,9.705588822355288,15.718562874251496,20.10345648916654,-0.6389615050947262,aci,8
lightgbm_quantile,3,4008,71.8063872255489,10.154690618762476,18.03892215568862,22.262414963651324,-1.0001598756830876,aci,8
lightgbm_quantile,4,4008,67.86427145708582,13.248502994011977,18.887225548902194,22.565427701680658,-1.9587799467160327,aci,8
naive,1,4008,80.11477045908184,7.260479041916168,12.624750499001996,16.1157971050569,1.4792003512705265,aci,8
naive,2,4008,76.02295409181636,8.158682634730539,15.818363273453093,23.38620684385492,2.5481761490491417,aci,8
naive,3,4008,76.12275449101796,8.682634730538922,15.194610778443113,28.429605621660375,4.798780246264689,aci,8
naive,4,4008,74.15169660678643,8.308383233532934,17.539920159680637,31.43183063107181,5.9812846445779,aci,8
seasonal_naive,1,4008,78.44311377245509,11.427145708582835,10.129740518962075,20.322357680481346,-1.0211647637805743,aci,8
seasonal_naive,2,4008,77.56986027944112,12.025948103792414,10.404191616766468,26.643046893220667,-1.2479101480742216,aci,8
seasonal_naive,3,4008,77.42015968063872,12.050898203592816,10.528942115768464,31.219117956194076,-2.012683314334207,aci,8
seasonal_naive,4,4008,75.87325349301398,13.198602794411176,10.928143712574851,33.381868572639156,-2.4147021788260337,aci,8
