district,agri_year,n_obs,n_composites,complete,complete_strict,ndvi_mean,ndvi_peak,ndvi_amp,data_provenance
Chikkaballapur,2017,28,17,False,False,0.2989486904465362,0.3669,0.12181755080185586,real
Chikkaballapur,2018,54,31,True,True,0.2928622277353482,0.5570978631700358,0.35699786317003585,real
Chikkaballapur,2019,45,27,True,False,0.32496424805188234,0.6073,0.44009999999999994,real
Chikkaballapur,2020,49,32,True,True,0.3583967791273948,0.6029,0.3633860191090353,real
Chikkaballapur,2021,47,27,True,False,0.3933543164581269,0.5811494549585478,0.30835229588227736,real
Chikkaballapur,2022,51,33,True,True,0.39868476493476784,0.8778,0.5840460995762211,real
Chikkaballapur,2023,43,27,False,False,0.33289527182780443,0.5821468650719288,0.3455241526559203,real
Chikkaballapur,2024,47,25,False,False,0.42455383917306894,0.6454978357300812,0.37930849084395046,real
Chikkaballapur,2025,59,31,True,True,0.3481019476239285,0.6215248946183507,0.3838142457712147,real
Chikkaballapur,2026,7,6,False,False,0.35152054657315124,0.377,0.05630000000000002,real
Kolar,2017,29,17,False,False,0.3285936541281655,0.39740838640555237,0.1309416692719778,real
Kolar,2018,52,30,True,True,0.3022833945207713,0.5054,0.2980746938147888,real
Kolar,2019,40,27,True,False,0.3255577676980354,0.6073,0.37689999999999996,real
Kolar,2020,40,26,True,False,0.391668774163672,0.5616,0.2964703611749223,real
Kolar,2021,44,26,True,False,0.40896243126217385,0.5729,0.2842045205010749,real
Kolar,2022,43,30,True,True,0.4266848644844804,0.5671,0.23804324369662472,real
Kolar,2023,41,25,False,False,0.34356527514163016,0.5407323136196219,0.3002402815099813,real
Kolar,2024,45,23,False,False,0.4470417826420186,0.7406851711050044,0.4450104619404786,real
Kolar,2025,52,28,True,False,0.36736388167182293,0.5798496268557939,0.2952611945427859,real
Kolar,2026,6,5,False,False,0.343336758558241,0.3844,0.05349999999999999,real
